IG_Region	Beg	End
Region_0001	       1	   14930
Region_0002	   15966	   15985
Region_0003	   16457	   23595
Region_0004	   69907	   70721
Region_0005	   71441	   72446
Region_0006	   73916	   74163
Region_0007	   77332	   78876
Region_0008	   79732	   81421
Region_0009	   81782	   83299
Region_0010	   84084	   89438
Region_0011	   91234	   92753
Region_0012	   93549	   93976
Region_0013	   94627	   96655
Region_0014	   97393	  106731
Region_0015	  142999	  144387
Region_0016	  145273	  146847
Region_0017	  160462	  164136
Region_0018	  165295	  199039
Region_0019	  209895	  230513
Region_0020	  232666	  239269
Region_0021	  241360	  243332
Region_0022	  244878	  245760
Region_0023	  246676	  247800
Region_0024	  249265	  249641
Region_0025	  250085	  257476
Region_0026	  265610	  289507
Region_0027	  290045	  290138
Region_0028	  292074	  292621
Region_0029	  294930	  295201
Region_0030	  297339	  310958
Region_0031	  352590	  356608
Region_0032	  357046	  357935
Region_0033	  358705	  361337
Region_0034	  364812	  365535
Region_0035	  367889	  376405
Region_0036	  377361	  377885
Region_0037	  380178	  384452
Region_0038	  386508	  388944
Region_0039	  389525	  389595
Region_0040	  390794	  391394
Region_0041	  400022	  400894
Region_0042	  401344	  401713
Region_0043	  410327	  413337
Region_0044	  413739	  414227
Region_0045	  414771	  416681
Region_0046	  419600	  426448
Region_0047	  427364	  427598
Region_0048	  429744	  439876
Region_0049	  449124	  454785
Region_0050	  455836	  456555
Region_0051	  457130	  459478
Region_0052	  461008	  462891
Region_0053	  467744	  468404
Region_0054	  502040	  523964
Region_0055	  527495	  534179
Region_0056	  541679	  543584
Region_0057	  564122	  573087
Region_0058	  574585	  583343
Region_0059	  584361	  584989
Region_0060	  590480	  591048
Region_0061	  594661	  596384
Region_0062	  596658	  596917
Region_0063	  597176	  597811
Region_0064	  599748	  600934
Region_0065	  601622	  602208
Region_0066	  604585	  611010
Region_0067	  612677	  613424
Region_0068	  613785	  623086
Region_0069	  627294	  627651
Region_0070	  631067	  642286
Region_0071	  642667	  644918
Region_0072	  646240	  662468
Region_0073	  675091	  696347
Region_0074	  696720	  708719
Region_0075	  709395	  730172
Region_0076	  731573	  732923
Region_0077	  734101	  757208
Region_0078	  769519	  772637
Region_0079	  776990	  779392
Region_0080	  780155	  783287
Region_0081	  785515	  790013
Region_0082	  790822	  797820
Region_0083	  798718	  799578
Region_0084	  801691	  801859
Region_0085	  802444	  802530
Region_0086	  803349	  805031
Region_0087	  805790	  806023
Region_0088	  806526	  806769
Region_0089	  807225	  811604
Region_0090	  813458	  815198
Region_0091	  817365	  818114
Region_0092	  818638	  818892
Region_0093	  819687	  821018
Region_0094	  823002	  826125
Region_0095	  827304	  827398
Region_0096	  828009	  830547
Region_0097	  833301	  836334
Region_0098	  837339	  838609
Region_0099	  843735	  846389
Region_0100	  847190	  847605
Region_0101	  848997	  849562
Region_0102	  850358	  851053
Region_0103	  852495	  854918
Region_0104	  858598	  876236
Region_0105	  877516	  877961
Region_0106	  878965	  903345
Region_0107	  906525	  907190
Region_0108	  909118	  912763
Region_0109	  915466	  916612
Region_0110	  917238	  917708
Region_0111	  918645	  923222
Region_0112	  955270	  966911
Region_0113	  968487	  970083
Region_0114	  971359	  971628
Region_0115	  972079	  972313
Region_0116	  972661	  977234
Region_0117	  982417	  994261
Region_0118	  998443	 1022959
Region_0119	 1027024	 1043715
Region_0120	 1046291	 1046709
Region_0121	 1046845	 1047593
Region_0122	 1051371	 1052038
Region_0123	 1053586	 1053735
Region_0124	 1055071	 1057892
Region_0125	 1059374	 1076363
Region_0126	 1087720	 1093444
Region_0127	 1094558	 1096208
Region_0128	 1134769	 1146561
Region_0129	 1148080	 1148399
Region_0130	 1149161	 1151147
Region_0131	 1161237	 1162810
Region_0132	 1164614	 1166952
Region_0133	 1167673	 1168120
Region_0134	 1170630	 1171838
Region_0135	 1172637	 1173238
Region_0136	 1174979	 1175183
Region_0137	 1175988	 1177027
Region_0138	 1178593	 1180151
Region_0139	 1181148	 1184384
Region_0140	 1188980	 1189939
Region_0141	 1190533	 1190698
Region_0142	 1193255	 1195532
Region_0143	 1197543	 1198834
Region_0144	 1202577	 1203429
Region_0145	 1204487	 1205219
Region_0146	 1206100	 1207050
Region_0147	 1208378	 1209991
Region_0148	 1211427	 1211793
Region_0149	 1213195	 1214735
Region_0150	 1216689	 1218291
Region_0151	 1219914	 1220828
Region_0152	 1221789	 1222481
Region_0153	 1224007	 1224098
Region_0154	 1225035	 1225598
Region_0155	 1228276	 1230781
Region_0156	 1231697	 1243116
Region_0157	 1243812	 1247167
Region_0158	 1248042	 1264088
Region_0159	 1265549	 1283989
Region_0160	 1305687	 1306463
Region_0161	 1308176	 1324543
Region_0162	 1326520	 1327544
Region_0163	 1328909	 1329016
Region_0164	 1329426	 1331992
Region_0165	 1333604	 1334006
Region_0166	 1335421	 1336728
Region_0167	 1338342	 1353833
Region_0168	 1383655	 1394193
Region_0169	 1395752	 1399131
Region_0170	 1400376	 1404851
Region_0171	 1405335	 1416392
Region_0172	 1418529	 1423836
Region_0173	 1428394	 1430694
Region_0174	 1433249	 1437550
Region_0175	 1440092	 1445279
Region_0176	 1460039	 1469377
Region_0177	 1470828	 1479848
Region_0178	 1537034	 1543157
Region_0179	 1547026	 1549656
Region_0180	 1552784	 1553055
Region_0181	 1555049	 1560891
Region_0182	 1572291	 1598695
Region_0183	 1599257	 1602911
Region_0184	 1603717	 1603855
Region_0185	 1604157	 1618455
Region_0186	 1627964	 1631795
Region_0187	 1633836	 1633980
Region_0188	 1634609	 1635085
Region_0189	 1635661	 1636071
Region_0190	 1639963	 1641829
Region_0191	 1647563	 1648546
Region_0192	 1652981	 1654398
Region_0193	 1655779	 1656203
Region_0194	 1661307	 1688449
Region_0195	 1689425	 1690950
Region_0196	 1691684	 1695313
Region_0197	 1697132	 1702267
Region_0198	 1707431	 1709061
Region_0199	 1710971	 1711221
Region_0200	 1712561	 1718275
Region_0201	 1719776	 1722201
Region_0202	 1724193	 1724929
Region_0203	 1725962	 1726534
Region_0204	 1729137	 1729194
Region_0205	 1730805	 1731316
Region_0206	 1732748	 1733355
Region_0207	 1734401	 1735210
Region_0208	 1740166	 1740669
Region_0209	 1741976	 1742346
Region_0210	 1743727	 1747613
Region_0211	 1755594	 1756226
Region_0212	 1757666	 1760393
Region_0213	 1763997	 1769924
Region_0214	 1771496	 1775567
Region_0215	 1778057	 1778395
Region_0216	 1780435	 1782923
Region_0217	 1783244	 1783923
Region_0218	 1788304	 1788569
Region_0219	 1789970	 1790756
Region_0220	 1791531	 1812683
Region_0221	 1814267	 1815072
Region_0222	 1816231	 1816319
Region_0223	 1817098	 1817856
Region_0224	 1820250	 1820714
Region_0225	 1820985	 1821303
Region_0226	 1822477	 1822579
Region_0227	 1823058	 1828099
Region_0228	 1829120	 1829640
Region_0229	 1832435	 1833742
Region_0230	 1834648	 1835327
Region_0231	 1835905	 1841220
Region_0232	 1848418	 1852096
Region_0233	 1854740	 1859369
Region_0234	 1862588	 1865858
Region_0235	 1867997	 1872401
Region_0236	 1901131	 1906321
Region_0237	 1908043	 1911775
Region_0238	 1914692	 1921831
Region_0239	 1927047	 1931793
Region_0240	 1932935	 1933323
Region_0241	 1933854	 1934384
Region_0242	 1935862	 1936884
Region_0243	 1937611	 1938811
Region_0244	 1939590	 1939745
Region_0245	 1941452	 1943329
Region_0246	 1947061	 1956130
Region_0247	 1960708	 1962158
Region_0248	 1963683	 1965299
Region_0249	 1966309	 1968819
Region_0250	 1969686	 1969892
Region_0251	 1971559	 1973511
Region_0252	 1975264	 1977710
Region_0253	 1980511	 1991246
Region_0254	 1993393	 1994643
Region_0255	 2021424	 2025735
Region_0256	 2027468	 2028044
Region_0257	 2031695	 2033406
Region_0258	 2033938	 2034367
Region_0259	 2037131	 2037978
Region_0260	 2040266	 2040890
Region_0261	 2042533	 2043217
Region_0262	 2045302	 2045504
Region_0263	 2046129	 2047943
Region_0264	 2103026	 2106686
Region_0265	 2107113	 2108067
Region_0266	 2110922	 2115997
Region_0267	 2117603	 2130219
Region_0268	 2131947	 2135503
Region_0269	 2135780	 2136067
Region_0270	 2136806	 2137773
Region_0271	 2139144	 2139339
Region_0272	 2140738	 2146548
Region_0273	 2149146	 2219267
Region_0274	 2263626	 2267498
Region_0275	 2271055	 2288478
Region_0276	 2295506	 2299084
Region_0277	 2299571	 2301272
Region_0278	 2301639	 2302996
Region_0279	 2303404	 2304623
Region_0280	 2305026	 2306003
Region_0281	 2309294	 2311296
Region_0282	 2313580	 2314196
Region_0283	 2316218	 2317149
Region_0284	 2318972	 2319252
Region_0285	 2321119	 2323344
Region_0286	 2325156	 2325665
Region_0287	 2327598	 2328483
Region_0288	 2330475	 2331292
Region_0289	 2333470	 2333615
Region_0290	 2335553	 2338224
Region_0291	 2339849	 2340554
Region_0292	 2342527	 2343966
Region_0293	 2387332	 2411758
Region_0294	 2412113	 2425239
Region_0295	 2427059	 2437810
Region_0296	 2439142	 2475664
Region_0297	 2477297	 2486740
Region_0298	 2490423	 2490765
Region_0299	 2491345	 2491517
Region_0300	 2492918	 2494938
Region_0301	 2500359	 2505753
Region_0302	 2508044	 2508674
Region_0303	 2511991	 2516703
Region_0304	 2519414	 2519974
Region_0305	 2521003	 2522078
Region_0306	 2523032	 2523407
Region_0307	 2532310	 2534044
Region_0308	 2537466	 2537878
Region_0309	 2538730	 2539135
Region_0310	 2541552	 2543133
Region_0311	 2545347	 2547243
Region_0312	 2548745	 2549578
Region_0313	 2550807	 2552040
Region_0314	 2553623	 2554497
Region_0315	 2556382	 2557103
Region_0316	 2559736	 2561900
Region_0317	 2564882	 2565679
Region_0318	 2572561	 2573900
Region_0319	 2574522	 2579774
Region_0320	 2580436	 2585261
Region_0321	 2586915	 2591836
Region_0322	 2632352	 2644879
Region_0323	 2652898	 2655551
Region_0324	 2656953	 2662827
Region_0325	 2692719	 2692974
Region_0326	 2711095	 2736001
Region_0327	 2740088	 2740989
Region_0328	 2744820	 2744899
Region_0329	 2745216	 2746046
Region_0330	 2747571	 2747640
Region_0331	 2749370	 2749541
Region_0332	 2750815	 2751072
Region_0333	 2752413	 2752815
Region_0334	 2753675	 2753825
Region_0335	 2754834	 2755669
Region_0336	 2757540	 2757674
Region_0337	 2758768	 2771875
Region_0338	 2782197	 2787247
Region_0339	 2787552	 2788167
Region_0340	 2791450	 2792037
Region_0341	 2793715	 2796383
Region_0342	 2798158	 2798945
Region_0343	 2799790	 2801777
Region_0344	 2802519	 2804373
Region_0345	 2811293	 2812637
Region_0346	 2815211	 2816503
Region_0347	 2817272	 2818502
Region_0348	 2821628	 2821995
Region_0349	 2824931	 2825425
Region_0350	 2828341	 2829671
Region_0351	 2833947	 2833967
Region_0352	 2836202	 2837656
Region_0353	 2853403	 2859874
Region_0354	 2868297	 2874888
Region_0355	 2875909	 2877103
Region_0356	 2878396	 2888416
Region_0357	 2888660	 2889592
Region_0358	 2890290	 2891763
Region_0359	 2892297	 2892569
Region_0360	 2892945	 2907989
Region_0361	 2909210	 2931584
Region_0362	 2932794	 2935182
Region_0363	 2941579	 2941959
Region_0364	 2943548	 2944016
Region_0365	 2945635	 2946354
Region_0366	 2948071	 2948967
Region_0367	 2951147	 2951150
Region_0368	 2951568	 2951940
Region_0369	 2953417	 2953549
Region_0370	 2953813	 2953865
Region_0371	 2954205	 2954409
Region_0372	 2955550	 2956142
Region_0373	 2956544	 2957631
Region_0374	 2958725	 2958919
Region_0375	 2959664	 2959962
Region_0376	 2968061	 2972439
Region_0377	 2973584	 2977023
Region_0378	 2977348	 2977722
Region_0379	 2978339	 2978347
Region_0380	 2978546	 2978564
Region_0381	 2979966	 2980061
Region_0382	 2980689	 2981563
Region_0383	 2982029	 2984358
Region_0384	 2984959	 2987180
Region_0385	 2988285	 2988373
Region_0386	 2988757	 2990069
Region_0387	 2997243	 3012446
Region_0388	 3015042	 3016494
Region_0389	 3018286	 3019208
Region_0390	 3024873	 3025512
Region_0391	 3026228	 3026436
Region_0392	 3027265	 3027666
Region_0393	 3029680	 3032367
Region_0394	 3032706	 3036251
Region_0395	 3036969	 3037050
Region_0396	 3040188	 3054904
Region_0397	 3055691	 3055859
Region_0398	 3056658	 3056680
Region_0399	 3059240	 3063696
Region_0400	 3064627	 3072565
Region_0401	 3073592	 3076420
Region_0402	 3077900	 3079551
Region_0403	 3081039	 3082291
Region_0404	 3083777	 3085025
Region_0405	 3086576	 3109230
Region_0406	 3110388	 3120339
Region_0407	 3122078	 3150044
Region_0408	 3150386	 3156556
Region_0409	 3157253	 3171852
Region_0410	 3172813	 3198261
Region_0411	 3199738	 3222415
Region_0412	 3286231	 3286970
Region_0413	 3288529	 3289846
Region_0414	 3291210	 3294311
Region_0415	 3296547	 3316301
Region_0416	 3317544	 3317688
Region_0417	 3318933	 3326860
Region_0418	 3330212	 3337744
Region_0419	 3338933	 3339554
Region_0420	 3340734	 3341182
Region_0421	 3342334	 3342513
Region_0422	 3344071	 3344653
Region_0423	 3346907	 3347011
Region_0424	 3348428	 3350235
Region_0425	 3353725	 3354916
Region_0426	 3356336	 3363240
Region_0427	 3367486	 3368637
Region_0428	 3370320	 3371115
Region_0429	 3376067	 3389910
Region_0430	 3390889	 3392963
Region_0431	 3404247	 3407101
Region_0432	 3409667	 3409809
Region_0433	 3411778	 3412678
Region_0434	 3413239	 3417104
Region_0435	 3422815	 3424211
Region_0436	 3425140	 3425433
Region_0437	 3426438	 3430148
Region_0438	 3430579	 3434006
Region_0439	 3454268	 3461488
Region_0440	 3462859	 3464193
Region_0441	 3464988	 3467154
Region_0442	 3467636	 3468978
Region_0443	 3471464	 3471595
Region_0444	 3473734	 3474108
Region_0445	 3475122	 3476652
Region_0446	 3488672	 3493699
Region_0447	 3495965	 3496981
Region_0448	 3499215	 3499257
Region_0449	 3501914	 3505257
Region_0450	 3506285	 3506914
Region_0451	 3507792	 3515042
Region_0452	 3515580	 3523044
Region_0453	 3523479	 3523480
Region_0454	 3525013	 3540799
Region_0455	 3542403	 3544035
Region_0456	 3552056	 3558073
Region_0457	 3559691	 3561017
Region_0458	 3571273	 3571290
Region_0459	 3573154	 3573521
Region_0460	 3575574	 3575930
Region_0461	 3577749	 3579891
Region_0462	 3597788	 3623373
Region_0463	 3637075	 3638247
Region_0464	 3638653	 3642264
Region_0465	 3644399	 3644976
Region_0466	 3649634	 3650408
Region_0467	 3651242	 3651672
Region_0468	 3652725	 3653285
Region_0469	 3653586	 3653690
Region_0470	 3655371	 3659646
Region_0471	 3669905	 3670288
Region_0472	 3672302	 3678311
Region_0473	 3684138	 3684385
Region_0474	 3684944	 3685150
Region_0475	 3687789	 3688862
Region_0476	 3689634	 3690132
Region_0477	 3692841	 3696085
Region_0478	 3700816	 3703666
Region_0479	 3705619	 3717993
Region_0480	 3719578	 3722076
Region_0481	 3739799	 3755710
Region_0482	 3757911	 3762493
Region_0483	 3764081	 3767117
Region_0484	 3768075	 3768682
Region_0485	 3769394	 3802191
Region_0486	 3802962	 3812741
Region_0487	 3814422	 3815260
Region_0488	 3816275	 3817513
Region_0489	 3819550	 3826391
Region_0490	 3828246	 3829250
Region_0491	 3830046	 3833067
Region_0492	 3862198	 3880478
Region_0493	 3881079	 3898647
Region_0494	 3901887	 3909965
Region_0495	 3910544	 3910923
Region_0496	 3911727	 3912373
Region_0497	 3913880	 3913997
Region_0498	 3915138	 3915984
Region_0499	 3917553	 3918511
Region_0500	 3919910	 3933840
Region_0501	 3936053	 3936647
Region_0502	 3937477	 3942768
Region_0503	 3943806	 3945144
Region_0504	 3949117	 3949694
Region_0505	 3956238	 3966681
Region_0506	 3969166	 3969457
Region_0507	 3971182	 3971257
Region_0508	 3971693	 3971694
Region_0509	 3972102	 3972139
Region_0510	 3973751	 3973978
Region_0511	 3975779	 3976501
Region_0512	 3977273	 3977510
Region_0513	 3978699	 3978896
Region_0514	 3979278	 3979841
Region_0515	 3980001	 3981480
Region_0516	 3982075	 3982537
Region_0517	 3989341	 3990409
Region_0518	 3994815	 3995246
Region_0519	 3997378	 3997834
Region_0520	 3999970	 4006397
Region_0521	 4017272	 4019505
Region_0522	 4020272	 4020393
Region_0523	 4021041	 4021600
Region_0524	 4022061	 4022311
Region_0525	 4023027	 4023446
Region_0526	 4025189	 4025570
Region_0527	 4026084	 4026324
Region_0528	 4026933	 4027034
Region_0529	 4027619	 4028632
Region_0530	 4029474	 4029906
Region_0531	 4030376	 4030834
Region_0532	 4031316	 4032548
Region_0533	 4032845	 4033294
Region_0534	 4033763	 4034020
Region_0535	 4034477	 4036580
Region_0536	 4036989	 4037315
Region_0537	 4037831	 4038102
Region_0538	 4038595	 4039146
Region_0539	 4039774	 4040944
Region_0540	 4041609	 4056561
Region_0541	 4058152	 4064392
Region_0542	 4069654	 4071898
Region_0543	 4074512	 4074817
Region_0544	 4075541	 4075952
Region_0545	 4076664	 4076917
Region_0546	 4077701	 4077801
Region_0547	 4082506	 4082591
Region_0548	 4087135	 4087504
Region_0549	 4105142	 4112291
Region_0550	 4143952	 4150934
Region_0551	 4151544	 4151776
Region_0552	 4152401	 4153274
Region_0553	 4153881	 4154109
Region_0554	 4154748	 4172940
Region_0555	 4173597	 4176509
Region_0556	 4178680	 4181536
Region_0557	 4183997	 4188026
Region_0558	 4194803	 4196694
Region_0559	 4207419	 4208130
Region_0560	 4210033	 4210971
Region_0561	 4212839	 4213764
Region_0562	 4215397	 4216974
Region_0563	 4218614	 4219203
Region_0564	 4224968	 4236519
Region_0565	 4273378	 4274736
Region_0566	 4275505	 4276985
Region_0567	 4278611	 4281036
Region_0568	 4295267	 4295616
Region_0569	 4296697	 4297544
Region_0570	 4302271	 4315525
Region_0571	 4316168	 4316478
Region_0572	 4318760	 4319188
Region_0573	 4321719	 4322039
Region_0574	 4322859	 4331669
Region_0575	 4338369	 4355268
Region_0576	 4361510	 4364802
Region_0577	 4369750	 4374422
Region_0578	 4377021	 4384133
Region_0579	 4386011	 4387716
Region_0580	 4388667	 4399705
Region_0581	 4400906	 4406432
Region_0582	 4408647	 4415031
Region_0583	 4415610	 4415843
Region_0584	 4416375	 4416446
Region_0585	 4417136	 4417238
Region_0586	 4417962	 4418286
Region_0587	 4419096	 4419327
Region_0588	 4420001	 4420021
Region_0589	 4421094	 4421326
Region_0590	 4422378	 4422552
Region_0591	 4423587	 4424476
Region_0592	 4426516	 4430070
Region_0593	 4430824	 4431996
Region_0594	 4432582	 4433529
Region_0595	 4434529	 4435126
Region_0596	 4437733	 4439586
Region_0597	 4445390	 4446328
Region_0598	 4447812	 4448170
Region_0599	 4448505	 4449889
Region_0600	 4450085	 4450374
Region_0601	 4451788	 4452070
Region_0602	 4452679	 4453050
Region_0603	 4456170	 4458005
Region_0604	 4459643	 4478914
Region_0605	 4480007	 4482393
Region_0606	 4484457	 4484739
Region_0607	 4485467	 4486481
Region_0608	 4491492	 4510284
Region_0609	 4511696	 4514568
Region_0610	 4517827	 4525881
Region_0611	 4533767	 4547560
Region_0612	 4579748	 4597199
Region_0613	 4600526	 4656269
Region_0614	 4669117	 4691361
Region_0615	 4693446	 4697232
Region_0616	 4701676	 4717861
Region_0617	 4720254	 4726971
Region_0618	 4727301	 4730015
Region_0619	 4730588	 4741707
Region_0620	 4747026	 4748548
Region_0621	 4748806	 4753446
Region_0622	 4753736	 4757307
Region_0623	 4757976	 4762831
Region_0624	 4764110	 4766803
Region_0625	 4767602	 4768305
Region_0626	 4773366	 4775301
Region_0627	 4779053	 4779174
Region_0628	 4780901	 4781343
Region_0629	 4782558	 4782701
Region_0630	 4784129	 4784714
Region_0631	 4786047	 4786597
Region_0632	 4797590	 4799535
Region_0633	 4799936	 4800396
Region_0634	 4800805	 4801873
Region_0635	 4806459	 4807085
Region_0636	 4808628	 4810901
Region_0637	 4813532	 4814767
Region_0638	 4817368	 4819960
Region_0639	 4820531	 4824215
Region_0640	 4826364	 4827518
Region_0641	 4831003	 4831320
Region_0642	 4831844	 4832762
Region_0643	 4834811	 4841530
Region_0644	 4847025	 4848933
Region_0645	 4849240	 4849786
Region_0646	 4852112	 4856024
Region_0647	 4858429	 4858769
Region_0648	 4859418	 4859630
Region_0649	 4860305	 4861878
Region_0650	 4877314	 4879917
Region_0651	 4881824	 4883487
Region_0652	 4908661	 4921262
Region_0653	 4922314	 4931320
Region_0654	 4933276	 4947812
Region_0655	 4948704	 4962708
Region_0656	 4964874	 4965593
Region_0657	 4967592	 4968349
Region_0658	 4972283	 4975726
Region_0659	 4976183	 4978373
Region_0660	 4980231	 4986462
Region_0661	 4990677	 4991238
Region_0662	 4992276	 4992493
Region_0663	 4993072	 4993375
Region_0664	 4993793	 4994124
Region_0665	 4994875	 4995039
Region_0666	 5000895	 5002387
Region_0667	 5015775	 5016933
Region_0668	 5021506	 5023626
Region_0669	 5029858	 5031658
Region_0670	 5032963	 5033325
Region_0671	 5034138	 5041069
Region_0672	 5042762	 5050356
Region_0673	 5113938	 5123857
Region_0674	 5126044	 5126706
Region_0675	 5132205	 5132375
Region_0676	 5132873	 5133686
Region_0677	 5136000	 5136545
Region_0678	 5137981	 5138558
Region_0679	 5142693	 5143021
Region_0680	 5153775	 5154765
Region_0681	 5155203	 5166891
Region_0682	 5167905	 5179227
Region_0683	 5179485	 5181616
Region_0684	 5182149	 5198403
Region_0685	 5200063	 5205448
Region_0686	 5206100	 5206296
Region_0687	 5207548	 5209252
Region_0688	 5212536	 5213629
Region_0689	 5254708	 5269171
Region_0690	 5272052	 5284344
Region_0691	 5287866	 5295907
Region_0692	 5298506	 5300712
Region_0693	 5300920	 5302116
Region_0694	 5302895	 5303490
Region_0695	 5304883	 5305242
Region_0696	 5305683	 5305843
Region_0697	 5308610	 5309304
Region_0698	 5309988	 5310511
Region_0699	 5310928	 5311036
Region_0700	 5311742	 5312168
Region_0701	 5313502	 5315786
Region_0702	 5321160	 5323431
Region_0703	 5325737	 5326304
Region_0704	 5331542	 5332061
Region_0705	 5333150	 5333303
Region_0706	 5334270	 5335906
Region_0707	 5343454	 5345328
Region_0708	 5352059	 5353440
Region_0709	 5353645	 5355858
Region_0710	 5356682	 5356753
Region_0711	 5358913	 5359933
Region_0712	 5362959	 5363444
Region_0713	 5363744	 5363964
Region_0714	 5364241	 5364691
Region_0715	 5365527	 5366247
Region_0716	 5372056	 5373428
Region_0717	 5374834	 5375887
Region_0718	 5386041	 5386536
Region_0719	 5387038	 5387078
Region_0720	 5387784	 5388599
Region_0721	 5389866	 5390588
Region_0722	 5397406	 5398097
Region_0723	 5399901	 5400336
Region_0724	 5402904	 5403408
Region_0725	 5405144	 5416510
Region_0726	 5416646	 5421928
Region_0727	 5453608	 5462424
Region_0728	 5463522	 5464959
Region_0729	 5475173	 5476401
Region_0730	 5478223	 5478399
Region_0731	 5479959	 5480170
Region_0732	 5481437	 5482148
Region_0733	 5484630	 5486493
Region_0734	 5487778	 5489358
Region_0735	 5492267	 5492661
Region_0736	 5493947	 5494662
Region_0737	 5505536	 5509238
Region_0738	 5510477	 5514587
Region_0739	 5515519	 5515986
Region_0740	 5518246	 5521377
Region_0741	 5522549	 5524979
Region_0742	 5526477	 5528234
Region_0743	 5530403	 5535755
Region_0744	 5536237	 5540746
Region_0745	 5541017	 5551961
Region_0746	 5560730	 5572331
Region_0747	 5575681	 5582456
Region_0748	 5583204	 5585295
Region_0749	 5591430	 5593981
Region_0750	 5594618	 5595882
Region_0751	 5596971	 5597407
Region_0752	 5598116	 5598590
Region_0753	 5602898	 5606791
Region_0754	 5609700	 5610654
Region_0755	 5612549	 5624037
Region_0756	 5634851	 5657862
Region_0757	 5664852	 5707303
Region_0758	 5707737	 5717021
Region_0759	 5732757	 5760309
Region_0760	 5764641	 5787788
Region_0761	 5789115	 5794272
Region_0762	 5797079	 5797566
Region_0763	 5802437	 5803047
Region_0764	 5804578	 5813372
Region_0765	 5820048	 5820095
Region_0766	 5821050	 5821112
Region_0767	 5821948	 5822288
Region_0768	 5823890	 5824660
Region_0769	 5826534	 5827032
Region_0770	 5828563	 5829802
Region_0771	 5830112	 5831927
Region_0772	 5915231	 5920661
Region_0773	 5923232	 5935182
Region_0774	 5936372	 5936714
Region_0775	 5937572	 5938531
Region_0776	 5942032	 5944625
Region_0777	 5945672	 5959164
Region_0778	 5973449	 5987862
Region_0779	 5992346	 5992431
Region_0780	 5995405	 5999019
Region_0781	 5999939	 6011639
Region_0782	 6012192	 6019074
Region_0783	 6019681	 6023923
Region_0784	 6025169	 6054028
Region_0785	 6083862	 6087459
Region_0786	 6090394	 6090908
Region_0787	 6092127	 6092492
Region_0788	 6093551	 6094122
Region_0789	 6096415	 6098089
Region_0790	 6101036	 6104602
Region_0791	 6112243	 6132199
Region_0792	 6136490	 6137072
Region_0793	 6138652	 6138715
Region_0794	 6140130	 6141791
Region_0795	 6152197	 6153310
Region_0796	 6153594	 6154642
Region_0797	 6155333	 6158402
Region_0798	 6158694	 6161085
Region_0799	 6167194	 6167459
Region_0800	 6170173	 6170544
Region_0801	 6170932	 6170965
Region_0802	 6172377	 6173182
Region_0803	 6174806	 6175063
Region_0804	 6179040	 6179616
Region_0805	 6183704	 6184320
Region_0806	 6190507	 6190624
Region_0807	 6193296	 6193768
Region_0808	 6196458	 6197457
Region_0809	 6206437	 6212611
Region_0810	 6212949	 6219540
Region_0811	 6222222	 6237802
Region_0812	 6240120	 6244055
Region_0813	 6244723	 6245612
Region_0814	 6246114	 6248916
Region_0815	 6275597	 6294498
Region_0816	 6296901	 6334444
Region_0817	 6364395	 6376111
Region_0818	 6376903	 6377271
Region_0819	 6379483	 6401050
Region_0820	 6401619	 6402101
Region_0821	 6403024	 6404602
Region_0822	 6405241	 6405914
Region_0823	 6407092	 6408049
Region_0824	 6409242	 6412997
Region_0825	 6413837	 6418801
Region_0826	 6444359	 6444968
Region_0827	 6445735	 6447197
Region_0828	 6451741	 6452948
Region_0829	 6457042	 6461544
Region_0830	 6461872	 6467411
Region_0831	 6472137	 6476332
Region_0832	 6477827	 6478708
Region_0833	 6479991	 6480171
Region_0834	 6481732	 6482518
Region_0835	 6483467	 6486003
Region_0836	 6501779	 6512351
Region_0837	 6513416	 6516258
Region_0838	 6517675	 6518821
Region_0839	 6520217	 6521760
Region_0840	 6525289	 6525694
Region_0841	 6526706	 6527182
Region_0842	 6530786	 6535968
Region_0843	 6552371	 6554452
Region_0844	 6555248	 6555640
Region_0845	 6556198	 6557813
Region_0846	 6558368	 6562019
Region_0847	 6562503	 6564460
Region_0848	 6569073	 6569568
Region_0849	 6571267	 6572144
Region_0850	 6574207	 6575500
Region_0851	 6576770	 6578458
Region_0852	 6582881	 6585198
Region_0853	 6586561	 6587341
Region_0854	 6588772	 6593361
Region_0855	 6607427	 6617854
Region_0856	 6619872	 6620590
Region_0857	 6621881	 6622734
Region_0858	 6631633	 6633603
Region_0859	 6637943	 6640400
Region_0860	 6640692	 6643503
Region_0861	 6645226	 6646098
Region_0862	 6648190	 6649568
Region_0863	 6650274	 6652974
Region_0864	 6654847	 6655809
Region_0865	 6658343	 6659716
Region_0866	 6662039	 6666929
Region_0867	 6667432	 6669257
Region_0868	 6669918	 6670448
Region_0869	 6671077	 6671562
Region_0870	 6672513	 6673152
Region_0871	 6673929	 6674083
Region_0872	 6676283	 6677838
Region_0873	 6678383	 6678613
Region_0874	 6678921	 6679366
Region_0875	 6680273	 6681353
Region_0876	 6685394	 6686752
Region_0877	 6688237	 6690348
Region_0878	 6692698	 6694513
Region_0879	 6697767	 6701732
Region_0880	 6704951	 6705617
Region_0881	 6706398	 6706740
Region_0882	 6708857	 6709495
Region_0883	 6710035	 6710229
Region_0884	 6710815	 6711049
Region_0885	 6711976	 6713263
Region_0886	 6730773	 6735200
Region_0887	 6738191	 6754726
Region_0888	 6755360	 6765574
Region_0889	 6797926	 6801105
Region_0890	 6802681	 6802710
Region_0891	 6803017	 6803236
Region_0892	 6803735	 6804021
Region_0893	 6810511	 6810759
Region_0894	 6812119	 6812387
Region_0895	 6813482	 6813635
Region_0896	 6814731	 6839870
Region_0897	 6849628	 6851345
Region_0898	 6852237	 6852338
Region_0899	 6853828	 6853938
Region_0900	 6855371	 6855528
Region_0901	 6857043	 6858465
Region_0902	 6860433	 6862197
Region_0903	 6862857	 6868697
Region_0904	 6877221	 6878066
Region_0905	 6879319	 6881237
Region_0906	 6882469	 6882804
Region_0907	 6886493	 6887195
Region_0908	 6894388	 6896043
Region_0909	 6897445	 6924307
Region_0910	 6925721	 6958807
Region_0911	 6964059	 6968783
Region_0912	 6972469	 6972998
Region_0913	 6974086	 6974486
Region_0914	 6975495	 6976226
Region_0915	 6978031	 6980989
Region_0916	 6982802	 6984796
Region_0917	 6987988	 7000595
Region_0918	 7062928	 7069345
Region_0919	 7069965	 7071136
Region_0920	 7090836	 7096497
Region_0921	 7097551	 7098157
Region_0922	 7098974	 7100230
Region_0923	 7105100	 7105529
Region_0924	 7107888	 7108578
Region_0925	 7109345	 7109478
Region_0926	 7113335	 7121033
Region_0927	 7130177	 7131675
Region_0928	 7133524	 7133707
Region_0929	 7135099	 7135354
Region_0930	 7136599	 7136801
Region_0931	 7137811	 7138350
Region_0932	 7138747	 7145238
Region_0933	 7146084	 7151266
Region_0934	 7237189	 7239105
Region_0935	 7246359	 7248452
Region_0936	 7249455	 7249572
Region_0937	 7250443	 7251210
Region_0938	 7253557	 7257070
Region_0939	 7285688	 7295607
Region_0940	 7297121	 7297296
Region_0941	 7298938	 7301798
Region_0942	 7303779	 7304074
Region_0943	 7312580	 7313528
Region_0944	 7328035	 7331665
Region_0945	 7336655	 7338828
Region_0946	 7340817	 7342830
Region_0947	 7348437	 7349970
Region_0948	 7351097	 7351583
Region_0949	 7352984	 7353364
Region_0950	 7354869	 7355198
Region_0951	 7355830	 7355853
Region_0952	 7356177	 7356629
Region_0953	 7358825	 7363075
Region_0954	 7396350	 7414010
Region_0955	 7418804	 7421352
Region_0956	 7424288	 7424552
Region_0957	 7428344	 7432480
Region_0958	 7436380	 7436955
Region_0959	 7441172	 7441808
Region_0960	 7445103	 7446461
Region_0961	 7449722	 7451111
Region_0962	 7454383	 7455846
Region_0963	 7461833	 7462624
Region_0964	 7466023	 7466547
Region_0965	 7469832	 7470285
Region_0966	 7473677	 7474599
Region_0967	 7478068	 7478543
Region_0968	 7482133	 7482562
Region_0969	 7482812	 7484019
Region_0970	 7484644	 7485364
Region_0971	 7486290	 7486452
Region_0972	 7487213	 7490472
Region_0973	 7490959	 7498509
Region_0974	 7499135	 7500050
Region_0975	 7501439	 7505462
Region_0976	 7509797	 7511346
Region_0977	 7511794	 7513452
Region_0978	 7513923	 7514539
Region_0979	 7515234	 7516035
Region_0980	 7516682	 7516933
Region_0981	 7517615	 7520064
Region_0982	 7520747	 7523091
Region_0983	 7524546	 7525079
Region_0984	 7526951	 7528478
Region_0985	 7530336	 7532156
Region_0986	 7533931	 7534396
Region_0987	 7534957	 7535710
Region_0988	 7536477	 7536718
Region_0989	 7537655	 7538329
Region_0990	 7539488	 7540785
Region_0991	 7543629	 7544225
Region_0992	 7545199	 7551180
Region_0993	 7556056	 7556581
Region_0994	 7559616	 7560137
Region_0995	 7563357	 7564078
Region_0996	 7566187	 7567342
Region_0997	 7585983	 7587330
Region_0998	 7589175	 7589761
Region_0999	 7592104	 7592534
Region_1000	 7594411	 7595822
Region_1001	 7597203	 7598490
Region_1002	 7599631	 7600997
Region_1003	 7601379	 7602096
Region_1004	 7604437	 7605106
Region_1005	 7606178	 7606524
Region_1006	 7607022	 7607908
Region_1007	 7609646	 7611415
Region_1008	 7613357	 7613584
Region_1009	 7614455	 7615085
Region_1010	 7621427	 7621717
Region_1011	 7624157	 7634988
Region_1012	 7635088	 7636525
Region_1013	 7637356	 7638437
Region_1014	 7639173	 7640114
Region_1015	 7640927	 7643348
Region_1016	 7645293	 7646004
Region_1017	 7648258	 7649219
Region_1018	 7654474	 7656857
Region_1019	 7659440	 7659911
Region_1020	 7661839	 7662343
Region_1021	 7662605	 7664474
Region_1022	 7667224	 7669141
Region_1023	 7673848	 7675670
Region_1024	 7682149	 7684155
Region_1025	 7692397	 7694032
Region_1026	 7699691	 7701037
Region_1027	 7703099	 7703614
Region_1028	 7704041	 7709335
Region_1029	 7711120	 7712721
Region_1030	 7713649	 7715148
Region_1031	 7717931	 7722962
Region_1032	 7724133	 7724214
Region_1033	 7726872	 7740067
Region_1034	 7742921	 7743239
Region_1035	 7743726	 7745866
Region_1036	 7747925	 7755069
Region_1037	 7760202	 7760625
Region_1038	 7761160	 7762002
Region_1039	 7763441	 7764688
Region_1040	 7765523	 7773933
Region_1041	 7774966	 7780189
Region_1042	 7784532	 7787134
Region_1043	 7787873	 7789172
Region_1044	 7790247	 7791133
Region_1045	 7791611	 7791686
Region_1046	 7792866	 7793689
Region_1047	 7794818	 7795229
Region_1048	 7797246	 7797356
Region_1049	 7799598	 7801613
Region_1050	 7808654	 7811588
Region_1051	 7814625	 7815573
Region_1052	 7817907	 7819315
Region_1053	 7820525	 7820777
Region_1054	 7822263	 7826734
Region_1055	 7828398	 7828570
Region_1056	 7835523	 7860638
Region_1057	 7885804	 7899014
Region_1058	 7899429	 7901818
Region_1059	 7913898	 7916543
Region_1060	 7921485	 7928061
Region_1061	 7931901	 7933932
Region_1062	 7937401	 7937646
Region_1063	 7938947	 7941054
Region_1064	 7941972	 7942308
Region_1065	 7944280	 7944801
Region_1066	 7946189	 7946740
Region_1067	 7953292	 7954152
Region_1068	 7954904	 7955623
Region_1069	 7958070	 7958452
Region_1070	 7958951	 7967782
Region_1071	 7972871	 7974170
Region_1072	 7978297	 7978488
Region_1073	 7979079	 7979263
Region_1074	 7979854	 7981310
Region_1075	 7982901	 7983027
Region_1076	 7983615	 7988547
Region_1077	 7989107	 7991378
Region_1078	 7995825	 8000018
Region_1079	 8002315	 8004638
Region_1080	 8011995	 8015868
Region_1081	 8021167	 8027712
Region_1082	 8028949	 8031025
Region_1083	 8087311	 8114158
Region_1084	 8115251	 8134816
Region_1085	 8137868	 8152464
Region_1086	 8159339	 8159350
Region_1087	 8159534	 8163131
Region_1088	 8164549	 8165463
Region_1089	 8166657	 8167344
Region_1090	 8169772	 8170265
Region_1091	 8179002	 8181915
Region_1092	 8205481	 8208160
Region_1093	 8209007	 8211795
Region_1094	 8213250	 8213455
Region_1095	 8214230	 8215314
Region_1096	 8222458	 8225454
Region_1097	 8229451	 8231643
Region_1098	 8234351	 8236822
Region_1099	 8238290	 8238593
Region_1100	 8241821	 8244619
Region_1101	 8246495	 8247887
Region_1102	 8257780	 8266836
Region_1103	 8271190	 8277151
Region_1104	 8279592	 8283130
Region_1105	 8283969	 8284628
Region_1106	 8285850	 8287403
Region_1107	 8288286	 8289955
Region_1108	 8291065	 8304242
Region_1109	 8310338	 8314982
Region_1110	 8315234	 8319800
Region_1111	 8321524	 8331100
Region_1112	 8352534	 8359279
Region_1113	 8360318	 8369260
Region_1114	 8387662	 8389530
Region_1115	 8391398	 8392230
Region_1116	 8399671	 8400886
Region_1117	 8401237	 8402869
Region_1118	 8403071	 8404948
Region_1119	 8405837	 8421357
Region_1120	 8423192	 8423576
Region_1121	 8425438	 8441581
Region_1122	 8444042	 8446580
Region_1123	 8449795	 8455455
Region_1124	 8456141	 8479253
Region_1125	 8481540	 8482014
Region_1126	 8482651	 8483002
Region_1127	 8483894	 8484240
Region_1128	 8486172	 8487789
Region_1129	 8488480	 8488783
Region_1130	 8489243	 8490414
Region_1131	 8491840	 8511578
Region_1132	 8512697	 8516772
Region_1133	 8561866	 8568469
Region_1134	 8569232	 8569374
Region_1135	 8569883	 8574947
Region_1136	 8576291	 8592242
Region_1137	 8593080	 8594245
Region_1138	 8595878	 8597017
Region_1139	 8601221	 8601829
Region_1140	 8602424	 8603637
Region_1141	 8616470	 8618006
Region_1142	 8619550	 8620327
Region_1143	 8621497	 8621717
Region_1144	 8622290	 8622661
Region_1145	 8623124	 8624520
Region_1146	 8630872	 8634382
Region_1147	 8636672	 8637073
Region_1148	 8641200	 8641622
Region_1149	 8643495	 8643847
Region_1150	 8645807	 8651112
Region_1151	 8657537	 8658459
Region_1152	 8669566	 8678737
Region_1153	 8679570	 8686001
Region_1154	 8704988	 8706475
Region_1155	 8707324	 8707462
Region_1156	 8709260	 8709653
Region_1157	 8711927	 8712088
Region_1158	 8716299	 8717470
Region_1159	 8718646	 8722596
Region_1160	 8723400	 8723724
Region_1161	 8724301	 8724561
Region_1162	 8725128	 8725327
Region_1163	 8726019	 8726061
Region_1164	 8727172	 8728480
Region_1165	 8729019	 8731042
Region_1166	 8771495	 8773025
Region_1167	 8782335	 8783408
Region_1168	 8784479	 8801992
Region_1169	 8821954	 8895902
Region_1170	 8900850	 8902516
Region_1171	 8902899	 8905948
Region_1172	 8907307	 8910773
Region_1173	 8911959	 8912312
Region_1174	 8916769	 8916912
Region_1175	 8917347	 8917364
Region_1176	 8918290	 8918808
Region_1177	 8920888	 8951628
Region_1178	 8960937	 8962823
Region_1179	 8965513	 8965563
Region_1180	 8966385	 8968200
Region_1181	 8972856	 8973844
Region_1182	 8975458	 8975739
Region_1183	 8977447	 8978401
Region_1184	 8980388	 8980878
Region_1185	 8983272	 8983820
Region_1186	 8987157	 8988407
Region_1187	 8991502	 9000136
Region_1188	 9000941	 9012171
Region_1189	 9012760	 9020718
Region_1190	 9055901	 9070658
Region_1191	 9071854	 9088116
Region_1192	 9093120	 9095582
Region_1193	 9102236	 9107444
Region_1194	 9112426	 9114224
Region_1195	 9119909	 9120658
Region_1196	 9122836	 9123425
Region_1197	 9123744	 9124211
Region_1198	 9128358	 9128902
Region_1199	 9133980	 9135410
Region_1200	 9140751	 9142709
Region_1201	 9143457	 9144118
Region_1202	 9144744	 9145127
Region_1203	 9145778	 9147468
Region_1204	 9148320	 9149250
Region_1205	 9151994	 9153126
Region_1206	 9155332	 9160246
Region_1207	 9162238	 9164937
Region_1208	 9166281	 9186200
Region_1209	 9203413	 9209400
Region_1210	 9209906	 9211540
Region_1211	 9227563	 9244068
Region_1212	 9245130	 9245356
Region_1213	 9247418	 9247842
Region_1214	 9250170	 9252391
Region_1215	 9258506	 9263813
Region_1216	 9265682	 9271222
Region_1217	 9321955	 9326354
Region_1218	 9326745	 9338309
Region_1219	 9338989	 9339228
Region_1220	 9341388	 9341929
Region_1221	 9342665	 9342742
Region_1222	 9342933	 9344162
Region_1223	 9352422	 9358242
Region_1224	 9360793	 9364839
Region_1225	 9365999	 9369119
Region_1226	 9378946	 9382954
Region_1227	 9387152	 9398183
Region_1228	 9399186	 9409098
Region_1229	 9412943	 9413199
Region_1230	 9415880	 9417717
Region_1231	 9418586	 9419753
Region_1232	 9420438	 9420969
Region_1233	 9427810	 9428726
Region_1234	 9430299	 9430957
Region_1235	 9431532	 9432890
Region_1236	 9433534	 9433802
Region_1237	 9434924	 9435398
Region_1238	 9436556	 9439581
Region_1239	 9454269	 9466109
Region_1240	 9487692	 9505195
Region_1241	 9517619	 9519141
Region_1242	 9519628	 9519755
Region_1243	 9519969	 9520846
Region_1244	 9521308	 9521451
Region_1245	 9521838	 9523057
Region_1246	 9560441	 9560696
Region_1247	 9561378	 9561548
Region_1248	 9564919	 9565142
Region_1249	 9566100	 9566367
Region_1250	 9571246	 9571548
Region_1251	 9572005	 9573003
Region_1252	 9575082	 9575329
Region_1253	 9575996	 9576404
Region_1254	 9577827	 9577921
Region_1255	 9579203	 9581914
Region_1256	 9586438	 9588366
Region_1257	 9589705	 9590795
Region_1258	 9592134	 9594761
Region_1259	 9598267	 9600526
Region_1260	 9601409	 9602074
Region_1261	 9602962	 9609140
Region_1262	 9612188	 9614748
Region_1263	 9621689	 9622772
Region_1264	 9624254	 9625518
Region_1265	 9626365	 9626841
Region_1266	 9630787	 9647007
Region_1267	 9649368	 9649513
Region_1268	 9651777	 9653864
Region_1269	 9664560	 9665938
Region_1270	 9667158	 9675662
Region_1271	 9682190	 9684805
Region_1272	 9686999	 9687286
Region_1273	 9689415	 9689433
Region_1274	 9692250	 9693046
Region_1275	 9694993	 9695142
Region_1276	 9696862	 9697911
Region_1277	 9699794	 9701775
Region_1278	 9702923	 9703057
Region_1279	 9707457	 9708303
Region_1280	 9710212	 9712553
Region_1281	 9714558	 9715175
Region_1282	 9715762	 9715983
Region_1283	 9718224	 9718499
Region_1284	 9724450	 9725314
Region_1285	 9730143	 9732278
Region_1286	 9733090	 9733558
Region_1287	 9741963	 9743219
Region_1288	 9745147	 9745753
Region_1289	 9747236	 9748175
Region_1290	 9748910	 9755720
Region_1291	 9766820	 9768011
Region_1292	 9776653	 9777383
Region_1293	 9781805	 9789525
Region_1294	 9807164	 9808773
Region_1295	 9810880	 9816025
Region_1296	 9819588	 9823207
Region_1297	 9827819	 9829291
Region_1298	 9830541	 9830881
Region_1299	 9833537	 9833600
Region_1300	 9834989	 9836210
Region_1301	 9836888	 9837536
Region_1302	 9840634	 9853555
Region_1303	 9855573	 9860575
Region_1304	 9861688	 9865601
Region_1305	 9867120	 9895869
Region_1306	 9902716	 9905146
Region_1307	 9952509	 9953840
Region_1308	 9954906	 9961595
Region_1309	 9969434	 9975897
Region_1310	 9976685	 9997067
Region_1311	 9999264	10001039
Region_1312	10003236	10004534
Region_1313	10005070	10005355
Region_1314	10006145	10026446
Region_1315	10028086	10032430
Region_1316	10041180	10042688
Region_1317	10054483	10066205
Region_1318	10068688	10078266
Region_1319	10083357	10090580
Region_1320	10098670	10141236
Region_1321	10142370	10154076
Region_1322	10155974	10161838
Region_1323	10163007	10172931
Region_1324	10174261	10174543
Region_1325	10178676	10181591
Region_1326	10182564	10183393
Region_1327	10188599	10190182
Region_1328	10191486	10193271
Region_1329	10194249	10214145
Region_1330	10216184	10251728
Region_1331	10265268	10267244
Region_1332	10269744	10269763
Region_1333	10273427	10273626
Region_1334	10274386	10275513
Region_1335	10277753	10278860
Region_1336	10279211	10281124
Region_1337	10281594	10282214
Region_1338	10283313	10296494
Region_1339	10297070	10298641
Region_1340	10300737	10308301
Region_1341	10308872	10310183
Region_1342	10311048	10387440
Region_1343	10440822	10474948
Region_1344	10475595	10480629
Region_1345	10481135	10481230
Region_1346	10481465	10489551
Region_1347	10489933	10504635
Region_1348	10505104	10511950
Region_1349	10512337	10513011
Region_1350	10513838	10514271
Region_1351	10514831	10515556
Region_1352	10517036	10518035
Region_1353	10518351	10518656
Region_1354	10519358	10525196
Region_1355	10525572	10525721
Region_1356	10526194	10526500
Region_1357	10527239	10527685
Region_1358	10528484	10528760
Region_1359	10529206	10530007
Region_1360	10530464	10531039
Region_1361	10532780	10534290
Region_1362	10537227	10537609
Region_1363	10541200	10541915
Region_1364	10545645	10545859
Region_1365	10546856	10547196
Region_1366	10549531	10549740
Region_1367	10553284	10563593
Region_1368	10574331	10576320
Region_1369	10577163	10577644
Region_1370	10578418	10578773
Region_1371	10581811	10582479
Region_1372	10584131	10585659
Region_1373	10592398	10594031
Region_1374	10595644	10599044
Region_1375	10600450	10600602
Region_1376	10601961	10602222
Region_1377	10603471	10618441
Region_1378	10622882	10628201
Region_1379	10630185	10631347
Region_1380	10635686	10636951
Region_1381	10639984	10640710
Region_1382	10641202	10641465
Region_1383	10641972	10648672
Region_1384	10652602	10655311
Region_1385	10656277	10657218
Region_1386	10657548	10658158
Region_1387	10660960	10671756
Region_1388	10677568	10686196
Region_1389	10687149	10687624
Region_1390	10688532	10692647
Region_1391	10724274	10727012
Region_1392	10735504	10737146
Region_1393	10737673	10737806
Region_1394	10738539	10739581
Region_1395	10743007	10743841
Region_1396	10744085	10745576
Region_1397	10746972	10747648
Region_1398	10748846	10749010
Region_1399	10752140	10753157
Region_1400	10753715	10778646
Region_1401	10779415	10796694
Region_1402	10818030	10824871
Region_1403	10825031	10837193
Region_1404	10837722	10838098
Region_1405	10838782	10839240
Region_1406	10840181	10841897
Region_1407	10843326	10843647
Region_1408	10844332	10846090
Region_1409	10851751	10853660
Region_1410	10855463	10855591
Region_1411	10857368	10857740
Region_1412	10859402	10859491
Region_1413	10860248	10860962
Region_1414	10861301	10861514
Region_1415	10865891	10867024
Region_1416	10873605	10875086
Region_1417	10875829	10876583
Region_1418	10877599	10878085
Region_1419	10878449	10878537
Region_1420	10880168	10881152
Region_1421	10883926	10885864
Region_1422	10898227	10907763
Region_1423	10908914	10916819
Region_1424	10918160	10919004
Region_1425	10920296	10921564
Region_1426	10922273	10922700
Region_1427	10925314	10925548
Region_1428	10925998	10969616
Region_1429	10974188	10978433
Region_1430	10980663	10982828
Region_1431	10983891	10991349
Region_1432	10993241	10995645
Region_1433	11003860	11007198
Region_1434	11011242	11012467
Region_1435	11013482	11013685
Region_1436	11014298	11014471
Region_1437	11014919	11015804
Region_1438	11016123	11016308
Region_1439	11016618	11016685
Region_1440	11017025	11017105
Region_1441	11018133	11019222
Region_1442	11020045	11020999
Region_1443	11021357	11022679
Region_1444	11023136	11024933
Region_1445	11025696	11025987
Region_1446	11026276	11026618
Region_1447	11026865	11029059
Region_1448	11029375	11029637
Region_1449	11030986	11031340
Region_1450	11031891	11034574
Region_1451	11035298	11035845
Region_1452	11037835	11038336
Region_1453	11038800	11039652
Region_1454	11040628	11044136
Region_1455	11045344	11045705
Region_1456	11049206	11052063
Region_1457	11052927	11055481
Region_1458	11055906	11056479
Region_1459	11057127	11057428
Region_1460	11057996	11058638
Region_1461	11063032	11066452
Region_1462	11066912	11067846
Region_1463	11070424	11070434
Region_1464	11072529	11072719
Region_1465	11074650	11074869
Region_1466	11075215	11075722
Region_1467	11076931	11078594
Region_1468	11078830	11078920
Region_1469	11079509	11080011
Region_1470	11082588	11082923
Region_1471	11084294	11085463
Region_1472	11109813	11122382
Region_1473	11122921	11131222
Region_1474	11132309	11133002
Region_1475	11133803	11134015
Region_1476	11135163	11135415
Region_1477	11137100	11138500
Region_1478	11144573	11148974
Region_1479	11153164	11162984
Region_1480	11164664	11175168
Region_1481	11175826	11181767
Region_1482	11184851	11186149
Region_1483	11186640	11186893
Region_1484	11189790	11194949
Region_1485	11243143	11265819
Region_1486	11270167	11274290
Region_1487	11285430	11293448
Region_1488	11308138	11313060
Region_1489	11314958	11318526
Region_1490	11326755	11329112
Region_1491	11329860	11335363
Region_1492	11344161	11344976
Region_1493	11345739	11346907
Region_1494	11350078	11350955
Region_1495	11352612	11352842
Region_1496	11354314	11355626
Region_1497	11359935	11366027
Region_1498	11366607	11376269
Region_1499	11377626	11400067
Region_1500	11400767	11402464
Region_1501	11404382	11444273
Region_1502	11445522	11445866
Region_1503	11446311	11448603
Region_1504	11457898	11462489
Region_1505	11463216	11463860
Region_1506	11464552	11465244
Region_1507	11465935	11466432
Region_1508	11467170	11467863
Region_1509	11468538	11472152
Region_1510	11472501	11533558
Region_1511	11533843	11536013
Region_1512	11536393	11536558
Region_1513	11537050	11537757
Region_1514	11537951	11539429
Region_1515	11539622	11540376
Region_1516	11540792	11541752
Region_1517	11541939	11546599
Region_1518	11548060	11549518
Region_1519	11550245	11551534
Region_1520	11552204	11552396
Region_1521	11553057	11553479
Region_1522	11554149	11554940
Region_1523	11555607	11555830
Region_1524	11556500	11557224
Region_1525	11557894	11558895
Region_1526	11559562	11559939
Region_1527	11560829	11564311
Region_1528	11568503	11572107
Region_1529	11574024	11575208
Region_1530	11578777	11579453
Region_1531	11587267	11589640
Region_1532	11592727	11594357
Region_1533	11594852	11595094
Region_1534	11598670	11598923
Region_1535	11600268	11600287
Region_1536	11601821	11608128
Region_1537	11621744	11638095
Region_1538	11638854	11646873
Region_1539	11648704	11655104
Region_1540	11656324	11658121
Region_1541	11664955	11666461
Region_1542	11668111	11668926
Region_1543	11671177	11672458
Region_1544	11673590	11676606
Region_1545	11690725	11696766
Region_1546	11697556	11697633
Region_1547	11698173	11709914
Region_1548	11714561	11715286
Region_1549	11720029	11722261
Region_1550	11724126	11725310
Region_1551	11727743	11743317
Region_1552	11750711	11788544
Region_1553	11791992	11830726
Region_1554	11832103	11832508
Region_1555	11833957	11835253
Region_1556	11836610	11838418
Region_1557	11839199	11841855
Region_1558	11842510	11848903
Region_1559	11850460	11853219
Region_1560	11854776	11855217
Region_1561	11857641	11872992
Region_1562	11876097	11878693
Region_1563	11894976	11895655
Region_1564	11896701	11897143
Region_1565	11899424	11899546
Region_1566	11899772	11900759
Region_1567	11902131	11902774
Region_1568	11904626	11904764
Region_1569	11906497	11906938
Region_1570	11909945	11910434
Region_1571	11913487	11914796
Region_1572	11918823	11946659
Region_1573	12021018	12025359
Region_1574	12027396	12028073
Region_1575	12037570	12039564
Region_1576	12039952	12041353
Region_1577	12052171	12054680
Region_1578	12056484	12056738
Region_1579	12058542	12062653
Region_1580	12065053	12069166
Region_1581	12081189	12087486
Region_1582	12089958	12096732
Region_1583	12098377	12098465
Region_1584	12099714	12099965
Region_1585	12100707	12101153
Region_1586	12102708	12103026
Region_1587	12108490	12116066
Region_1588	12119989	12120876
Region_1589	12121766	12122353
Region_1590	12124976	12126554
Region_1591	12130871	12131743
Region_1592	12132846	12133055
Region_1593	12135717	12136184
Region_1594	12141620	12142218
Region_1595	12143656	12144011
Region_1596	12145512	12145608
Region_1597	12147040	12148454
Region_1598	12167136	12175030
Region_1599	12175588	12179929
Region_1600	12180272	12181101
Region_1601	12182479	12182787
Region_1602	12184903	12186115
Region_1603	12188990	12189492
Region_1604	12190658	12190966
Region_1605	12191981	12192032
Region_1606	12192822	12193289
Region_1607	12194618	12195174
Region_1608	12196392	12196561
Region_1609	12197412	12198776
Region_1610	12202852	12205606
Region_1611	12207067	12207684
Region_1612	12209383	12209915
Region_1613	12210518	12210655
Region_1614	12211999	12213784
Region_1615	12215039	12215572
Region_1616	12216808	12217080
Region_1617	12219985	12220738
Region_1618	12241137	12254723
Region_1619	12262153	12263894
Region_1620	12268469	12269085
Region_1621	12270030	12272929
Region_1622	12276564	12278884
Region_1623	12292839	12293533
Region_1624	12294131	12294755
Region_1625	12295561	12299139
Region_1626	12304614	12319893
Region_1627	12321123	12321303
Region_1628	12323452	12324031
Region_1629	12325451	12330275
Region_1630	12332785	12333775
Region_1631	12334823	12335139
Region_1632	12338065	12338159
Region_1633	12341380	12341961
Region_1634	12344424	12344606
Region_1635	12346547	12346769
Region_1636	12348724	12348936
Region_1637	12350905	12351066
Region_1638	12352560	12353370
Region_1639	12361956	12362029
Region_1640	12364994	12365340
Region_1641	12367232	12368816
Region_1642	12370168	12374975
Region_1643	12377731	12384095
Region_1644	12392735	12393477
Region_1645	12394926	12395147
Region_1646	12396670	12398194
Region_1647	12401425	12406685
Region_1648	12409412	12409945
Region_1649	12413282	12416466
Region_1650	12435719	12445046
Region_1651	12455442	12456306
Region_1652	12459338	12459558
Region_1653	12460946	12461499
Region_1654	12462137	12462290
Region_1655	12465109	12466448
Region_1656	12467171	12469386
Region_1657	12505210	12511291
Region_1658	12512083	12514395
Region_1659	12516648	12516921
Region_1660	12517433	12521406
Region_1661	12522241	12526902
Region_1662	12528178	12528487
Region_1663	12530285	12530340
Region_1664	12532252	12589287
Region_1665	12645953	12656102
Region_1666	12657930	12662805
Region_1667	12665256	12668224
Region_1668	12669136	12678249
Region_1669	12680111	12683013
Region_1670	12684044	12684871
Region_1671	12689637	12692016
Region_1672	12694083	12702287
Region_1673	12702549	12734685
Region_1674	12736725	12746652
Region_1675	12747135	12747402
Region_1676	12747882	12749046
Region_1677	12749822	12752232
Region_1678	12752782	12761645
Region_1679	12762103	12785924
Region_1680	12787182	12788047
Region_1681	12789615	12799970
Region_1682	12800477	12832581
Region_1683	12833059	12844657
Region_1684	12848996	12898413
Region_1685	12900367	12976132
Region_1686	12976755	13000050
Region_1687	13001692	13100913
Region_1688	13101518	13108376
Region_1689	13108722	13140115
Region_1690	13144280	13169965
Region_1691	13175349	13239519
Region_1692	13240309	13261738
Region_1693	13263325	13263514
Region_1694	13264997	13265611
Region_1695	13267173	13268086
Region_1696	13269653	13270951
Region_1697	13272518	13273460
Region_1698	13275045	13275984
Region_1699	13277569	13277981
Region_1700	13279560	13281928
Region_1701	13283495	13284219
Region_1702	13298089	13309706
Region_1703	13312183	13312938
Region_1704	13313104	13315878
Region_1705	13318674	13322234
Region_1706	13323256	13325730
Region_1707	13331977	13349407
Region_1708	13356409	13359716
Region_1709	13370006	13370869
Region_1710	13372473	13372888
Region_1711	13373192	13374536
Region_1712	13376542	13376757
Region_1713	13380760	13381211
Region_1714	13382437	13383579
Region_1715	13385185	13387100
Region_1716	13388103	13388558
Region_1717	13390272	13392446
Region_1718	13394110	13394866
Region_1719	13396194	13396561
Region_1720	13399034	13401848
Region_1721	13402526	13403072
Region_1722	13403766	13404479
Region_1723	13427534	13447631
Region_1724	13469656	13472099
Region_1725	13472719	13472964
Region_1726	13474332	13475470
Region_1727	13477139	13478960
Region_1728	13479718	13479826
Region_1729	13482113	13485466
Region_1730	13487362	13500099
Region_1731	13506282	13507431
Region_1732	13508573	13511557
Region_1733	13513244	13514870
Region_1734	13516477	13517399
Region_1735	13520049	13522800
Region_1736	13523371	13533161
Region_1737	13536307	13540480
Region_1738	13541837	13542603
Region_1739	13543350	13543604
Region_1740	13544175	13544683
Region_1741	13550397	13554567
Region_1742	13572170	13575591
Region_1743	13577264	13577491
Region_1744	13578381	13578982
Region_1745	13583775	13584330
Region_1746	13586012	13586224
Region_1747	13587188	13588310
Region_1748	13600502	13601076
Region_1749	13604013	13604425
Region_1750	13607664	13608083
Region_1751	13609962	13612587
Region_1752	13613512	13614130
Region_1753	13614791	13615216
Region_1754	13616105	13622933
Region_1755	13651980	13657573
Region_1756	13659598	13661229
Region_1757	13663302	13663589
Region_1758	13664995	13682984
Region_1759	13696594	13707849
Region_1760	13715224	13719548
Region_1761	13722305	13725504
Region_1762	13726324	13727246
Region_1763	13728698	13729690
Region_1764	13731133	13733470
Region_1765	13734362	13734635
Region_1766	13736907	13740276
Region_1767	13742615	13743006
Region_1768	13743565	13743711
Region_1769	13746014	13746391
Region_1770	13748724	13749021
Region_1771	13749580	13752578
Region_1772	13753206	13754423
Region_1773	13758948	13760413
Region_1774	13762474	13766366
Region_1775	13768232	13769497
Region_1776	13774043	13793068
Region_1777	13799914	13830204
Region_1778	13831165	13836246
Region_1779	13894224	13904381
Region_1780	13927432	13928346
Region_1781	13930664	13931002
Region_1782	13932265	13933655
Region_1783	13938338	13938590
Region_1784	13939980	13941744
Region_1785	13941997	13943241
Region_1786	13944690	13957251
Region_1787	13989152	13997366
Region_1788	13999319	14000279
Region_1789	14009176	14011371
Region_1790	14014083	14015537
Region_1791	14016216	14016876
Region_1792	14017472	14030489
Region_1793	14034863	14036620
Region_1794	14047327	14048180
Region_1795	14050481	14052005
Region_1796	14052702	14053464
Region_1797	14055426	14055587
Region_1798	14057341	14057845
Region_1799	14059447	14060524
Region_1800	14067728	14070398
Region_1801	14071931	14079530
Region_1802	14086061	14086918
Region_1803	14087729	14087988
Region_1804	14088811	14089707
Region_1805	14090551	14091897
Region_1806	14092687	14093057
Region_1807	14093844	14095498
Region_1808	14096339	14096473
Region_1809	14097245	14097567
Region_1810	14098339	14099923
Region_1811	14100695	14100765
Region_1812	14101067	14101389
Region_1813	14102149	14102778
Region_1814	14103275	14104947
Region_1815	14106210	14106284
Region_1816	14106830	14107262
Region_1817	14107697	14107798
Region_1818	14119988	14120241
Region_1819	14121796	14121869
Region_1820	14123243	14124119
Region_1821	14125205	14126390
Region_1822	14127258	14127488
Region_1823	14128369	14128516
Region_1824	14129580	14131843
Region_1825	14204505	14211012
Region_1826	14215341	14218206
Region_1827	14325594	14327059
Region_1828	14327770	14328902
Region_1829	14329613	14330939
Region_1830	14332851	14334493
Region_1831	14341283	14342710
Region_1832	14343158	14347340
Region_1833	14348630	14349595
Region_1834	14352026	14353439
Region_1835	14354660	14357734
Region_1836	14359605	14360829
Region_1837	14361319	14361990
Region_1838	14363840	14364432
Region_1839	14365478	14366221
Region_1840	14367360	14367457
Region_1841	14368811	14369144
Region_1842	14371202	14371778
Region_1843	14372774	14373360
Region_1844	14374662	14375036
Region_1845	14378667	14379631
Region_1846	14381138	14382697
Region_1847	14384816	14385301
Region_1848	14387471	14389792
Region_1849	14390864	14393370
Region_1850	14394066	14397855
Region_1851	14398366	14399620
Region_1852	14403489	14406354
Region_1853	14418161	14419484
Region_1854	14427847	14435279
Region_1855	14436093	14442715
Region_1856	14444291	14445443
Region_1857	14447837	14475025
Region_1858	14548129	14582554
Region_1859	14583679	14589397
Region_1860	14589824	14592993
Region_1861	14593757	14601112
Region_1862	14602697	14603026
Region_1863	14605816	14608297
Region_1864	14619131	14625210
Region_1865	14625619	14637000
Region_1866	14638072	14638502
Region_1867	14638845	14638909
Region_1868	14639404	14640352
Region_1869	14641605	14641850
Region_1870	14642895	14643369
Region_1871	14645832	14646536
Region_1872	14648834	14649145
Region_1873	14651499	14663322
Region_1874	14665340	14667499
Region_1875	14669229	14670705
Region_1876	14679267	14680767
Region_1877	14683436	14689471
Region_1878	14693712	14695885
Region_1879	14698921	14700337
Region_1880	14701796	14717810
Region_1881	14729844	14736055
Region_1882	14736285	14765593
Region_1883	14767208	14768063
Region_1884	14769379	14770548
Region_1885	14771550	14771762
Region_1886	14772733	14772811
Region_1887	14773720	14774856
Region_1888	14780990	14785665
Region_1889	14786179	14787870
Region_1890	14789853	14790213
Region_1891	14791128	14792576
Region_1892	14794123	14795480
Region_1893	14797554	14802706
Region_1894	14812843	14833780
Region_1895	14835925	14836988
Region_1896	14837506	14838049
Region_1897	14839672	14840718
Region_1898	14840968	14842322
Region_1899	14845397	14848488
Region_1900	14855612	14857424
Region_1901	14864006	14868534
Region_1902	14870772	14872912
Region_1903	14875476	14900755
Region_1904	14901233	14903174
Region_1905	14914182	14915408
Region_1906	14915568	14916398
Region_1907	14918704	14920409
Region_1908	14923831	14940805
Region_1909	14951755	14951765
Region_1910	14953827	14955045
Region_1911	14958005	14968350
Region_1912	15013162	15033401
Region_1913	15036508	15037595
Region_1914	15039926	15040372
Region_1915	15042774	15042927
Region_1916	15043779	15045052
Region_1917	15048119	15048622
Region_1918	15049694	15050670
Region_1919	15052391	15053480
Region_1920	15055228	15065935
Region_1921	15069561	15070654
Region_1922	15073895	15082415
Region_1923	15090886	15116384
Region_1924	15130188	15132364
Region_1925	15134653	15136682
Region_1926	15138370	15139106
Region_1927	15148745	15149979
Region_1928	15150250	15150258
Region_1929	15150961	15151087
Region_1930	15155117	15156731
Region_1931	15157143	15168519
Region_1932	15169380	15173803
Region_1933	15174209	15175787
Region_1934	15177867	15179151
Region_1935	15181436	15197188
Region_1936	15198986	15209197
Region_1937	15209549	15221688
Region_1938	15222999	15239195
Region_1939	15240860	15248047
Region_1940	15248358	15249493
Region_1941	15250589	15251102
Region_1942	15252416	15260717
Region_1943	15261594	15261691
Region_1944	15262652	15263121
Region_1945	15264187	15264316
Region_1946	15265256	15268115
Region_1947	15278517	15281662
Region_1948	15282375	15283099
Region_1949	15283946	15285328
Region_1950	15286703	15306672
Region_1951	15307729	15310916
Region_1952	15312417	15328424
Region_1953	15329460	15382516
Region_1954	15393954	15399896
Region_1955	15400561	15401502
Region_1956	15402616	15413290
Region_1957	15413687	15414380
Region_1958	15420056	15423050
Region_1959	15425124	15426235
Region_1960	15427527	15429966
Region_1961	15431198	15431408
Region_1962	15432691	15438162
Region_1963	15438993	15441192
Region_1964	15494645	15499659
Region_1965	15500689	15515640
Region_1966	15516865	15518554
Region_1967	15520054	15529674
Region_1968	15531859	15532431
Region_1969	15533848	15534058
Region_1970	15535684	15536265
Region_1971	15537890	15538418
Region_1972	15540615	15541285
Region_1973	15542606	15546655
Region_1974	15550435	15551374
Region_1975	15552692	15557876
Region_1976	15652159	15659066
Region_1977	15663500	15665336
Region_1978	15673584	15677514
Region_1979	15680086	15686522
Region_1980	15694828	15695879
Region_1981	15697450	15712597
Region_1982	15713702	15720313
Region_1983	15732758	15735170
Region_1984	15745486	15779783
Region_1985	15780496	15783157
Region_1986	15785071	15789243
Region_1987	15790397	15791765
Region_1988	15792878	15793302
Region_1989	15794404	15795122
Region_1990	15795400	15797057
Region_1991	15798057	15800871
Region_1992	15802524	15815375
Region_1993	15843989	15849752
Region_1994	15851608	15861389
Region_1995	15873046	15874033
Region_1996	15875797	15876158
Region_1997	15876908	15880224
Region_1998	15881344	15892795
Region_1999	15894273	15895028
Region_2000	15896857	15901332
Region_2001	15911390	15912926
Region_2002	15914936	15917473
Region_2003	15922331	15923718
Region_2004	15925274	15928828
Region_2005	15934573	15935306
Region_2006	15939008	15939223
Region_2007	15939905	15941256
Region_2008	15941701	15941808
Region_2009	15942710	15944271
Region_2010	15947205	15948633
Region_2011	15949438	15951048
Region_2012	15951442	15951720
Region_2013	15952651	15956596
Region_2014	15956855	15956942
Region_2015	15957698	15961615
Region_2016	15965800	16003081
Region_2017	16018906	16025806
Region_2018	16026770	16028109
Region_2019	16029786	16034634
Region_2020	16035852	16038277
Region_2021	16039703	16040022
Region_2022	16041191	16045789
Region_2023	16059569	16101060
Region_2024	16101640	16101950
Region_2025	16104628	16105359
Region_2026	16108303	16109574
Region_2027	16112913	16119774
Region_2028	16161502	16186300
Region_2029	16212934	16239469
Region_2030	16241507	16245989
Region_2031	16249319	16249632
Region_2032	16250247	16250720
Region_2033	16253298	16257847
Region_2034	16278617	16280300
Region_2035	16280886	16282032
Region_2036	16286196	16289157
Region_2037	16291233	16291481
Region_2038	16291956	16293025
Region_2039	16300152	16304676
Region_2040	16311493	16312204
Region_2041	16313937	16314866
Region_2042	16323811	16331877
Region_2043	16339292	16339511
Region_2044	16340620	16346607
Region_2045	16349089	16349713
Region_2046	16352751	16353302
Region_2047	16354643	16362641
Region_2048	16369915	16372560
Region_2049	16384356	16406033
Region_2050	16412857	16421670
Region_2051	16421973	16422035
Region_2052	16424923	16428838
Region_2053	16430424	16430746
Region_2054	16431975	16432408
Region_2055	16433455	16434150
Region_2056	16435027	16435782
Region_2057	16437471	16438630
Region_2058	16439681	16439844
Region_2059	16441467	16441712
Region_2060	16445161	16445894
Region_2061	16447656	16447834
Region_2062	16449941	16452155
Region_2063	16453263	16453716
Region_2064	16456487	16456892
Region_2065	16459710	16460728
Region_2066	16463320	16464232
Region_2067	16467470	16467745
Region_2068	16469964	16470604
Region_2069	16471067	16471229
Region_2070	16473303	16473663
Region_2071	16477044	16478393
Region_2072	16485071	16485628
Region_2073	16486632	16488522
Region_2074	16490690	16491013
Region_2075	16491479	16491893
Region_2076	16494503	16496880
Region_2077	16499051	16509577
Region_2078	16541544	16544126
Region_2079	16545295	16550417
Region_2080	16551351	16556501
Region_2081	16557425	16559255
Region_2082	16562051	16562905
Region_2083	16563578	16563714
Region_2084	16568245	16570644
Region_2085	16571063	16572304
Region_2086	16575869	16578107
Region_2087	16579015	16580122
Region_2088	16581091	16590867
Region_2089	16594786	16596857
Region_2090	16602113	16605143
Region_2091	16605803	16608691
Region_2092	16609232	16611923
Region_2093	16612416	16614413
Region_2094	16615770	16616662
Region_2095	16616939	16618569
Region_2096	16619110	16619617
Region_2097	16619987	16620766
Region_2098	16621876	16624441
Region_2099	16624640	16632779
Region_2100	16633270	16635251
Region_2101	16636278	16636518
Region_2102	16637020	16641830
Region_2103	16642321	16644268
Region_2104	16645295	16645535
Region_2105	16646037	16647260
Region_2106	16647845	16652512
Region_2107	16657871	16695131
Region_2108	16695747	16705325
Region_2109	16705758	16715530
Region_2110	16715951	16733372
Region_2111	16769683	16810350
Region_2112	16823327	16849781
Region_2113	16850754	16851407
Region_2114	16852925	16855620
Region_2115	16863242	16863693
Region_2116	16864818	16865350
Region_2117	16868919	16871865
Region_2118	16873588	16873911
Region_2119	16875646	16883940
Region_2120	16894834	16931142
Region_2121	16931800	16939497
Region_2122	16940000	16945073
Region_2123	16946799	16959685
Region_2124	16963620	16975320
Region_2125	16976415	16976760
Region_2126	16988937	16989936
Region_2127	16990278	16990453
Region_2128	16992096	16992909
Region_2129	16993392	16994470
Region_2130	16999268	17000243
Region_2131	17000794	17001138
Region_2132	17001733	17002586
Region_2133	17003191	17003722
Region_2134	17004308	17004413
Region_2135	17005361	17005707
Region_2136	17023110	17024074
Region_2137	17024908	17025172
Region_2138	17027534	17030134
Region_2139	17031527	17032640
Region_2140	17040052	17041627
Region_2141	17043183	17112633
Region_2142	17128490	17129239
Region_2143	17130172	17133117
Region_2144	17134359	17134622
Region_2145	17135435	17135759
Region_2146	17136649	17137067
Region_2147	17139488	17140143
Region_2148	17145106	17153599
Region_2149	17156166	17156602
Region_2150	17157144	17157254
Region_2151	17157965	17158064
Region_2152	17158961	17171661
Region_2153	17173084	17173373
Region_2154	17174058	17174215
Region_2155	17175609	17175800
Region_2156	17176870	17184703
Region_2157	17186414	17191873
Region_2158	17196306	17202697
Region_2159	17205825	17206136
Region_2160	17209566	17209840
Region_2161	17212054	17212191
Region_2162	17213101	17214028
Region_2163	17214326	17214504
Region_2164	17215333	17216300
Region_2165	17217853	17218526
Region_2166	17218986	17219179
Region_2167	17220203	17221326
Region_2168	17229286	17239215
Region_2169	17240466	17240729
Region_2170	17241009	17241394
Region_2171	17243930	17245724
Region_2172	17248209	17248430
Region_2173	17251532	17252065
Region_2174	17254350	17254962
Region_2175	17257869	17259034
Region_2176	17261033	17263472
Region_2177	17268992	17283745
Region_2178	17284121	17286129
Region_2179	17288005	17288301
Region_2180	17288872	17289727
Region_2181	17292188	17292999
Region_2182	17294247	17295145
Region_2183	17295794	17296139
Region_2184	17297947	17298419
Region_2185	17301347	17301750
Region_2186	17303710	17309816
Region_2187	17313901	17315372
Region_2188	17319259	17321831
Region_2189	17327564	17332331
Region_2190	17334447	17335342
Region_2191	17337137	17337306
Region_2192	17338739	17339996
Region_2193	17345371	17345660
Region_2194	17346294	17347712
Region_2195	17349643	17350551
Region_2196	17352105	17352477
Region_2197	17353277	17353477
Region_2198	17354592	17354699
Region_2199	17355628	17356346
Region_2200	17357052	17367354
Region_2201	17369659	17370900
Region_2202	17375607	17376598
Region_2203	17379680	17380657
Region_2204	17383921	17385910
Region_2205	17387965	17389199
Region_2206	17394562	17395351
Region_2207	17398094	17398794
Region_2208	17400715	17401176
Region_2209	17402632	17403865
Region_2210	17406098	17409993
Region_2211	17411191	17412979
Region_2212	17416769	17421112
Region_2213	17439462	17441239
Region_2214	17443279	17444465
Region_2215	17445274	17445402
Region_2216	17448027	17459342
Region_2217	17460826	17462374
Region_2218	17463808	17464707
Region_2219	17470248	17471358
Region_2220	17472051	17472425
Region_2221	17475216	17475671
Region_2222	17476565	17476717
Region_2223	17477852	17478021
Region_2224	17483246	17483529
Region_2225	17484813	17484875
Region_2226	17486224	17488355
Region_2227	17489522	17490437
Region_2228	17494881	17495236
Region_2229	17497071	17497863
Region_2230	17502868	17503268
Region_2231	17505271	17505688
Region_2232	17506638	17508520
Region_2233	17510701	17517249
Region_2234	17522783	17524540
Region_2235	17526870	17527305
Region_2236	17529338	17529511
Region_2237	17532971	17533302
Region_2238	17534617	17545002
Region_2239	17545652	17568977
Region_2240	17574655	17578617
Region_2241	17579758	17580685
Region_2242	17581319	17581585
Region_2243	17582244	17582530
Region_2244	17584094	17584153
Region_2245	17585777	17586370
Region_2246	17587967	17588591
Region_2247	17590174	17590813
Region_2248	17592498	17593356
Region_2249	17594585	17595393
Region_2250	17597413	17608334
Region_2251	17612341	17612668
Region_2252	17614977	17622041
Region_2253	17625223	17626916
Region_2254	17649633	17650682
Region_2255	17653603	17655688
Region_2256	17656197	17657376
Region_2257	17657821	17658530
Region_2258	17668381	17672169
Region_2259	17672896	17674197
Region_2260	17675805	17677109
Region_2261	17678403	17678578
Region_2262	17678975	17680385
Region_2263	17685586	17690478
Region_2264	17697651	17703812
Region_2265	17707940	17708641
Region_2266	17709557	17709680
Region_2267	17710212	17710687
Region_2268	17713580	17720980
Region_2269	17721777	17722261
Region_2270	17725506	17730088
Region_2271	17732581	17732687
Region_2272	17735165	17736042
Region_2273	17736881	17737028
Region_2274	17738551	17740053
Region_2275	17740293	17746687
Region_2276	17748240	17757686
Region_2277	17758524	17799163
Region_2278	17801008	17801275
Region_2279	17801942	17802877
Region_2280	17803358	17806356
Region_2281	17810757	17812576
Region_2282	17818172	17821890
Region_2283	17842082	17875609
Region_2284	17880164	17886906
Region_2285	17888518	17888768
Region_2286	17889735	17890626
Region_2287	17894120	17900476
Region_2288	17902794	17905989
Region_2289	17937092	17954985
Region_2290	17955686	17991282
Region_2291	17992880	17998017
Region_2292	17998534	17999199
Region_2293	17999846	18000078
Region_2294	18000595	18002068
Region_2295	18008813	18018245
Region_2296	18019174	18020723
Region_2297	18022044	18024211
Region_2298	18025860	18026794
Region_2299	18030318	18050907
Region_2300	18051895	18079484
Region_2301	18087583	18196438
Region_2302	18197050	18209377
Region_2303	18215387	18218256
Region_2304	18218970	18222671
Region_2305	18227517	18229191
Region_2306	18231390	18231832
Region_2307	18237333	18239842
Region_2308	18242002	18245143
Region_2309	18247784	18248917
Region_2310	18250753	18251151
Region_2311	18251612	18254290
Region_2312	18256046	18256363
Region_2313	18260283	18261396
Region_2314	18262696	18265629
Region_2315	18270595	18270670
Region_2316	18271828	18273391
Region_2317	18277805	18280491
Region_2318	18280993	18285452
Region_2319	18286341	18287282
Region_2320	18288087	18290897
Region_2321	18293207	18293904
Region_2322	18294538	18300452
Region_2323	18355722	18361068
Region_2324	18361873	18362570
Region_2325	18363674	18367053
Region_2326	18376669	18377275
Region_2327	18380700	18384334
Region_2328	18388775	18389871
Region_2329	18391033	18393116
Region_2330	18400296	18409344
Region_2331	18413665	18415841
Region_2332	18416309	18418364
Region_2333	18444464	18458979
Region_2334	18460348	18481243
Region_2335	18487663	18495937
Region_2336	18500102	18503549
Region_2337	18518886	18529157
Region_2338	18531881	18536950
Region_2339	18538750	18539988
Region_2340	18549437	18562563
Region_2341	18577237	18585697
Region_2342	18590216	18590625
Region_2343	18594453	18595138
Region_2344	18596096	18597152
Region_2345	18604423	18608260
Region_2346	18610763	18613558
Region_2347	18616065	18619864
Region_2348	18620955	18621731
Region_2349	18627988	18628420
Region_2350	18630417	18631270
Region_2351	18633263	18633691
Region_2352	18636589	18637512
Region_2353	18638269	18640616
Region_2354	18651718	18656016
Region_2355	18656530	18659094
Region_2356	18662087	18663147
Region_2357	18664675	18666833
Region_2358	18668148	18669600
Region_2359	18671011	18672407
Region_2360	18712941	18731486
Region_2361	18731766	18736936
Region_2362	18738660	18739481
Region_2363	18739987	18742642
Region_2364	18745112	18745994
Region_2365	18748847	18759602
Region_2366	18761305	18778459
Region_2367	18866306	18902498
Region_2368	18903966	18936877
Region_2369	18937444	18941951
Region_2370	18943716	18951314
Region_2371	18956618	18957633
Region_2372	18958346	18959133
Region_2373	18959981	18960365
Region_2374	18961400	18962431
Region_2375	18971827	18971962
Region_2376	18974288	18975122
Region_2377	18975852	18978307
Region_2378	18999328	18999723
Region_2379	19003286	19004870
Region_2380	19005654	19007077
Region_2381	19011318	19012871
Region_2382	19014577	19014637
Region_2383	19015706	19017358
Region_2384	19018087	19018716
Region_2385	19020081	19020159
Region_2386	19022352	19029686
Region_2387	19034698	19038254
Region_2388	19039908	19052468
Region_2389	19054844	19056478
Region_2390	19057126	19059355
Region_2391	19060659	19060934
Region_2392	19061891	19067137
Region_2393	19067369	19069408
Region_2394	19078800	19081572
Region_2395	19082037	19082770
Region_2396	19083308	19083989
Region_2397	19084450	19084671
Region_2398	19085107	19085642
Region_2399	19086107	19086426
Region_2400	19086987	19088765
Region_2401	19089494	19104236
Region_2402	19105144	19105603
Region_2403	19106534	19135040
Region_2404	19167764	19171778
Region_2405	19172592	19173060
Region_2406	19174264	19175155
Region_2407	19175519	19185972
Region_2408	19189100	19189711
Region_2409	19191598	19192102
Region_2410	19193815	19195861
Region_2411	19202484	19212762
Region_2412	19218779	19224869
Region_2413	19228510	19228973
Region_2414	19259306	19268433
Region_2415	19273665	19275660
Region_2416	19277936	19279212
Region_2417	19281406	19282889
Region_2418	19285308	19286109
Region_2419	19287382	19289858
Region_2420	19291210	19291476
Region_2421	19293952	19294295
Region_2422	19296035	19296633
Region_2423	19306334	19335325
Region_2424	19336319	19337505
Region_2425	19337815	19348462
Region_2426	19350711	19351022
Region_2427	19353578	19353790
Region_2428	19355056	19364578
Region_2429	19365586	19365999
Region_2430	19367032	19367810
Region_2431	19373638	19374845
Region_2432	19377296	19382036
Region_2433	19389508	19390289
Region_2434	19393042	19393957
Region_2435	19395533	19395907
Region_2436	19398406	19398874
Region_2437	19400471	19400839
Region_2438	19401440	19421152
Region_2439	19435079	19436600
Region_2440	19437522	19438833
Region_2441	19442486	19445251
Region_2442	19447802	19447968
Region_2443	19450961	19453911
Region_2444	19457255	19461097
Region_2445	19462772	19475384
Region_2446	19479392	19501238
Region_2447	19542747	19545466
Region_2448	19577665	19585089
Region_2449	19586482	19609303
Region_2450	19609824	19609951
Region_2451	19611392	19612614
Region_2452	19612771	19614810
Region_2453	19615834	19616435
Region_2454	19617645	19618273
Region_2455	19619863	19619983
Region_2456	19623587	19623971
Region_2457	19624450	19626388
Region_2458	19626764	19627065
Region_2459	19628581	19634336
Region_2460	19643724	19734433
Region_2461	19735122	19735396
Region_2462	19737699	19738900
Region_2463	19742302	19745463
Region_2464	19748484	19753068
Region_2465	19755725	19762117
Region_2466	19763793	19780799
Region_2467	19781475	19787792
