Transcript	Beg	End
GA10297-RA 	14931	15965
GA15848-RA 	15986	16456
GA10330-RA 	23596	69906
GA24590-RC 	70722	71440
GA32996-RA 	72447	73915
GA15984-RA 	74164	77331
GA31014-RA 	78877	79731
GA31396-RA 	81422	81781
GA25598-RB 	83300	84083
GA15428-RA 	89439	91233
GA11952-RA 	92754	93548
GA24587-RA 	93977	94626
GA24591-RA 	96656	97392
GA15847-RE 	106732	142998
GA24592-RA 	122030	124354
GA24593-RA 	144388	145272
GA24594-RA 	146848	160461
GA24586-RB 	164137	165294
GA10737-RA 	199040	209894
GA14468-RA 	230514	232665
GA14932-RA 	239270	241359
GA14578-RB 	239875	240612
GA18965-RB 	243333	244877
GA10816-RA 	245761	246675
GA18393-RA 	247801	249264
GA24584-RB 	249642	250084
GA18963-RB 	257477	265609
GA11789-RA 	289508	290044
GA18958-RA 	290139	292073
GA18454-RA 	292622	294929
GA12362-RB 	295202	297338
GA18956-RB 	295768	296634
GA24601-RD 	310959	352589
GA24583-RA 	356609	357045
GA21334-RA 	357936	358704
GA21216-RA 	361338	364811
GA21321-RA 	365536	367888
GA21314-RA 	376406	377360
GA21223-RB 	377886	380177
GA21235-RC 	384453	386507
GA30787-RA 	388945	389142
GA24602-RA 	389126	389524
GA24581-RA 	389596	390793
GA11585-RA 	391395	400021
GA21385-RB 	392314	395616
GA21054-RA 	400895	401343
GA21384-RA 	401714	410326
GA24603-RA 	413338	413738
GA24580-RA 	414228	414770
GA24579-RB 	416682	419599
GA24604-RA 	418051	418577
GA24605-RA 	426449	427363
GA21078-RA 	427599	429743
GA13220-RB 	439877	449123
GA13224-RA 	454786	455835
GA24576-RA 	456556	457129
GA21290-RA 	459479	461007
GA20808-RC 	462892	467743
GA20820-RA 	463291	464655
GA24574-RC 	468405	502039
GA24606-RA 	523965	527494
GA20821-RC 	534180	541678
GA15628-RO 	543585	564121
GA20825-RB 	573088	574584
GA20853-RA 	583344	584360
GA20854-RA 	584990	590479
GA20855-RA 	591049	594660
GA24607-RB 	596385	596657
GA20911-RA 	596918	597175
GA24609-RB 	597812	599747
GA24608-RA 	598020	598910
GA24570-RA 	600935	601621
GA20914-RA 	602209	604584
GA24610-RA 	611011	612676
GA12505-RA 	613425	613784
GA25599-RA 	623087	627293
GA24611-RB 	627652	631066
GA24568-RB 	642287	642666
GA10576-RA 	644919	646239
GA32666-RA 	662469	675090
GA14295-RB 	670780	671238
GA31802-RA 	696348	696719
GA24612-RA 	708720	709394
GA14294-RA 	730173	731572
GA18392-RA 	732924	734100
GA17177-RB 	757209	769518
GA14289-RC 	772638	776989
GA24565-RA 	779393	780154
GA18378-RC 	783288	785514
GA18362-RA 	790014	790821
GA18357-RA 	797821	798717
GA18446-RA 	799579	801690
GA24613-RA 	801860	802443
GA17610-RA 	802531	803348
GA17597-RA 	805032	805789
GA24564-RA 	806024	806525
GA15689-RA 	806770	807224
GA24561-RA 	811605	813457
GA13983-RA 	815199	817364
GA14018-RA 	818115	818637
GA21766-RA 	818893	819686
GA16581-RA 	821019	823001
GA17095-RA 	826126	827303
GA14426-RA 	827399	828008
GA15850-RA 	830548	833300
GA14019-RA 	836335	837338
GA15851-RA 	838610	843734
GA21774-RA 	846390	847189
GA17085-RA 	847606	848996
GA17429-RA 	849563	850357
GA17076-RA 	851054	852494
GA17432-RA 	854919	858597
GA21780-RA 	876237	877515
GA21782-RA 	877962	878964
GA17066-RA 	903346	906524
GA17055-RA 	907191	909117
GA17043-RE 	912764	915465
GA17439-RB 	916613	917237
GA21786-RA 	917709	918644
GA24555-RB 	923223	955269
GA21788-RA 	939324	940912
GA24552-RA 	966912	968486
GA17170-RA 	970084	971358
GA13591-RA 	971629	972078
GA17459-RA 	972314	972660
GA17191-RB 	977235	982416
GA13590-RB 	994262	998442
GA21791-RB 	1022960	1027023
GA24550-RC 	1043716	1046290
GA32475-RA 	1046710	1046844
GA24549-RA 	1047594	1051370
GA21800-RC 	1052039	1053585
GA24617-RA 	1053736	1055070
GA24618-RA 	1057893	1059373
GA15685-RA 	1076364	1087719
GA17403-RA 	1093445	1094557
GA24548-RB 	1096209	1134768
GA24546-RA 	1125122	1125841
GA24619-RA 	1128897	1129627
GA24620-RA 	1129851	1131557
GA24544-RA 	1146562	1148079
GA15684-RA 	1148400	1149160
GA24543-RB 	1151148	1161236
GA31033-RA 	1153766	1155353
GA15683-RA 	1157186	1158481
GA14268-RC 	1162811	1164613
GA15686-RA 	1166953	1167672
GA15095-RA 	1168121	1170629
GA15688-RA 	1171839	1172636
GA11852-RA 	1173239	1174978
GA33038-RA 	1175184	1175987
GA11851-RA 	1177028	1178592
GA31067-RA 	1180152	1181147
GA10076-RA 	1184385	1188979
GA30648-RB 	1189940	1190532
GA31605-RA 	1190699	1193254
GA11850-RA 	1195533	1197542
GA11434-RA 	1198835	1202576
GA11849-RA 	1203430	1204486
GA24622-RA 	1205220	1206099
GA24623-RA 	1207051	1208377
GA11435-RA 	1209992	1211426
GA11847-RA 	1211794	1213194
GA11846-RA 	1214736	1216688
GA24625-RA 	1218292	1219913
GA11845-RA 	1220829	1221788
GA11844-RA 	1222482	1224006
GA18208-RA 	1224099	1225034
GA18187-RA 	1225599	1228275
GA11839-RA 	1230782	1231696
GA11842-RA 	1243117	1243811
GA11838-RA 	1247168	1248041
GA24542-RA 	1264089	1265548
GA11840-RA 	1283990	1305686
GA18217-RA 	1306464	1308175
GA24627-RA 	1324544	1326519
GA11452-RA 	1327545	1328908
GA31002-RA 	1329017	1329425
GA15033-RA 	1331993	1333603
GA15003-RA 	1334007	1335420
GA14995-RA 	1336729	1338341
GA10748-RC 	1353834	1383654
GA14981-RA 	1394194	1395751
GA14968-RA 	1399132	1400375
GA10750-RB 	1404852	1405334
GA14963-RB 	1416393	1418528
GA14940-RB 	1423837	1428393
GA24630-RA 	1430695	1433248
GA24631-RA 	1437551	1440091
GA10760-RA 	1445280	1460038
GA11448-RA 	1469378	1470827
GA14672-RJ 	1479849	1537033
GA14314-RA 	1543158	1547025
GA10763-RB 	1549657	1552783
GA14333-RA 	1553056	1555048
GA24539-RB 	1560892	1572290
GA31098-RA 	1566366	1567079
GA24632-RB 	1598696	1599256
GA32958-RA 	1602912	1603716
GA31369-RA 	1603856	1604156
GA10770-RA 	1618456	1627963
GA24538-RA 	1622115	1622663
GA10772-RA 	1631796	1633835
GA10773-RA 	1633981	1634608
GA15891-RA 	1635086	1635660
GA20489-RA 	1636072	1639962
GA10015-RB 	1641830	1647562
GA24537-RA 	1648547	1652980
GA18973-RA 	1654399	1655778
GA15695-RB 	1656204	1661306
GA32562-RA 	1658939	1659550
GA24536-RE 	1688450	1689424
GA18977-RA 	1690951	1691683
GA18273-RA 	1695314	1697131
GA18980-RA 	1702268	1707430
GA10902-RA 	1709062	1710970
GA18500-RA 	1711222	1712560
GA10822-RA 	1718276	1719775
GA18997-RA 	1722202	1724192
GA10823-RA 	1724930	1725961
GA18999-RA 	1726535	1729136
GA10824-RA 	1729195	1730804
GA14600-RC 	1731317	1732747
GA18814-RA 	1733356	1734400
GA18992-RA 	1735211	1740165
GA12363-RB 	1740670	1741975
GA18808-RA 	1742347	1743726
GA18994-RF 	1747614	1755593
GA15470-RA 	1756227	1757665
GA17643-RB 	1760394	1763996
GA24634-RA 	1769925	1771495
GA15477-RB 	1775568	1778056
GA12366-RA 	1778396	1780434
GA32301-RA 	1782924	1783243
GA14145-RA 	1783924	1788303
GA31601-RA 	1786479	1787858
GA17696-RB 	1788570	1789969
GA14149-RA 	1790757	1791530
GA21133-RA 	1812684	1814266
GA21137-RA 	1815073	1816230
GA12081-RA 	1816320	1817097
GA21354-RA 	1817857	1820249
GA31799-RA 	1819927	1820166
GA17237-RA 	1820715	1820984
GA24635-RA 	1821304	1822476
GA11588-RA 	1822580	1823057
GA11798-RA 	1828100	1829119
GA18343-RA 	1829641	1832434
GA18348-RA 	1833743	1834647
GA13223-RA 	1835328	1835904
GA21229-RC 	1841221	1848417
GA24636-RA 	1852097	1854739
GA21502-RA 	1859370	1862587
GA10105-RA 	1865859	1867996
GA24638-RC 	1872402	1901130
GA21528-RA 	1876544	1877692
GA15488-RA 	1878020	1879030
GA31129-RA 	1906322	1908042
GA24531-RA 	1911776	1914691
GA24528-RA 	1921832	1927046
GA17668-RA 	1931794	1932934
GA15469-RA 	1933324	1933853
GA15466-RA 	1934385	1935861
GA13987-RA 	1936885	1937610
GA17675-RA 	1938812	1939589
GA15463-RA 	1939746	1941451
GA11855-RA 	1943330	1947060
GA15456-RA 	1956131	1960707
GA15837-RB 	1962159	1963682
GA15451-RA 	1965300	1966308
GA17681-RA 	1968820	1969685
GA21727-RB 	1969893	1971558
GA15450-RA 	1973512	1975263
GA15449-RA 	1977711	1980510
GA17715-RA 	1991247	1993392
GA13959-RA 	1994644	2021423
GA20976-RA 	2025736	2027467
GA18638-RA 	2028045	2031694
GA15796-RA 	2033407	2033937
GA15282-RA 	2034368	2037130
GA32213-RD 	2037979	2040265
GA15287-RA 	2040891	2042532
GA11026-RA 	2043218	2045301
GA24523-RA 	2045505	2046128
GA24641-RB 	2047944	2103025
GA24640-RA 	2082893	2083300
GA24522-RA 	2083370	2084224
GA24521-RA 	2106687	2107112
GA21268-RA 	2108068	2110921
GA21269-RA 	2115998	2117602
GA13228-RA 	2130220	2131946
GA11420-RA 	2135504	2135779
GA15798-RA 	2136068	2136805
GA15797-RA 	2137774	2139143
GA15794-RA 	2139340	2140737
GA24643-RA 	2146549	2149145
GA24646-RB 	2219268	2263625
GA15791-RA 	2232756	2233457
GA15789-RA 	2235390	2236196
GA15259-RA 	2238421	2239200
GA21267-RA 	2239604	2240335
GA15255-RD 	2267499	2271054
GA15197-RA 	2288479	2295505
GA24514-RA 	2299085	2299570
GA21266-RB 	2301273	2301638
GA24647-RA 	2302997	2303403
GA15201-RA 	2304624	2305025
GA15249-RA 	2306004	2309293
GA15214-RA 	2311297	2313579
GA24648-RA 	2314197	2316217
GA24649-RA 	2317150	2318971
GA24513-RA 	2319253	2321118
GA21263-RA 	2323345	2325155
GA21264-RA 	2325666	2327597
GA24650-RA 	2328484	2330474
GA24651-RA 	2331293	2333469
GA15787-RA 	2333616	2335552
GA24512-RA 	2338225	2339848
GA21261-RA 	2340555	2342526
GA24510-RC 	2343967	2387331
GA11807-RA 	2411759	2412112
GA24653-RA 	2425240	2427058
GA22108-RA 	2437811	2439141
GA15541-RA 	2475665	2477296
GA24654-RB 	2486741	2490422
GA31464-RA 	2487652	2487925
GA22106-RA 	2490766	2491344
GA22104-RA 	2491518	2492917
GA13487-RB 	2494939	2500358
GA13475-RC 	2505754	2508043
GA13488-RB 	2508675	2511990
GA13476-RB 	2516704	2519413
GA24507-RA 	2519975	2521002
GA13477-RA 	2522079	2523031
GA13490-RA 	2523408	2532309
GA13491-RA 	2534045	2537465
GA24655-RB 	2537879	2538729
GA17849-RA 	2539136	2541551
GA18293-RA 	2543134	2545346
GA18915-RA 	2547244	2548744
GA13759-RA 	2549579	2550806
GA15096-RA 	2552041	2553622
GA13769-RA 	2554498	2556381
GA15112-RB 	2557104	2559735
GA13787-RA 	2561901	2564881
GA15135-RA 	2565680	2572560
GA11836-RA 	2573901	2574521
GA24505-RB 	2579775	2580435
GA24656-RB 	2585262	2586914
GA15884-RA 	2591837	2632351
GA15091-RA 	2644880	2652897
GA15142-RA 	2655552	2656952
GA15871-RC 	2662828	2692718
GA24658-RB 	2690170	2690748
GA30908-RB 	2690835	2691426
GA24659-RA 	2691630	2692251
GA32984-RA 	2692975	2711094
GA20916-RB 	2736002	2740087
GA20923-RA 	2740990	2744819
GA24504-RA 	2744900	2745215
GA11977-RA 	2746047	2747570
GA20936-RA 	2747641	2749369
GA11584-RA 	2749542	2750814
GA20974-RA 	2751073	2752412
GA10163-RA 	2752816	2753674
GA11817-RA 	2753826	2754833
GA11858-RA 	2755670	2757539
GA24503-RA 	2757675	2758767
GA21702-RB 	2771876	2782196
GA10327-RA 	2787248	2787551
GA14410-RA 	2788168	2791449
GA10870-RA 	2792038	2793714
GA21360-RA 	2796384	2798157
GA21116-RA 	2798946	2799789
GA21113-RB 	2801778	2802518
GA21111-RA 	2804374	2811292
GA21361-RA 	2812638	2815210
GA12089-RA 	2816504	2817271
GA15603-RA 	2818503	2821627
GA24502-RA 	2821996	2824930
GA24501-RA 	2825426	2828340
GA12090-RB 	2829672	2833946
GA24660-RA 	2833968	2836201
GA12091-RI 	2837657	2853402
GA24499-RA 	2859875	2868296
GA12092-RA 	2874889	2875908
GA24498-RA 	2877104	2878395
GA24661-RA 	2888417	2888659
GA12094-RB 	2889593	2890289
GA32656-RA 	2891764	2892296
GA12096-RA 	2892570	2892944
GA24662-RA 	2907990	2909209
GA21371-RB 	2931585	2932793
GA21372-RA 	2935183	2941578
GA21092-RA 	2941960	2943547
GA21373-RA 	2944017	2945634
GA21089-RA 	2946355	2948070
GA17328-RA 	2948968	2951146
GA14154-RA 	2950105	2950371
GA24497-RA 	2951151	2951567
GA12097-RA 	2951941	2953416
GA32201-RA 	2953550	2953812
GA22092-RA 	2953866	2954204
GA10235-RC 	2954410	2955549
GA15751-RA 	2956143	2956543
GA22088-RA 	2957632	2958724
GA24496-RA 	2958920	2959663
GA24663-RB 	2959963	2961778
GA24495-RB 	2960079	2968060
GA10241-RA 	2972440	2973583
GA32535-RA 	2977024	2977347
GA31652-RA 	2977723	2978072
GA24664-RA 	2978072	2978338
GA32862-RA 	2978348	2978545
GA22083-RA 	2978565	2979965
GA24493-RA 	2980062	2980688
GA32192-RA 	2981564	2982028
GA13889-RB 	2984359	2984958
GA22080-RA 	2987181	2988284
GA10242-RA 	2988374	2988756
GA24492-RB 	2990070	2997242
GA15750-RA 	2995524	2996435
GA10243-RA 	3012447	3015041
GA13887-RA 	3016495	3018285
GA10057-RA 	3019209	3024872
GA17484-RA 	3025513	3026227
GA24491-RA 	3026437	3027264
GA15824-RA 	3027667	3029679
GA24490-RB 	3032368	3032705
GA22081-RA 	3036252	3036968
GA17486-RB 	3037051	3040187
GA24665-RA 	3054905	3055690
GA15830-RA 	3055860	3056657
GA22079-RA 	3056681	3059239
GA15828-RA 	3063697	3064626
GA22086-RA 	3072566	3073591
GA24489-RA 	3076421	3077899
GA24488-RB 	3079552	3081038
GA24487-RB 	3082292	3083776
GA24486-RB 	3085026	3086575
GA16114-RA 	3109231	3110387
GA16191-RA 	3120340	3122077
GA32835-RA 	3150045	3150385
GA24668-RB 	3156557	3157252
GA15920-RB 	3171853	3172812
GA16338-RA 	3198262	3199737
GA24669-RB 	3222416	3254928
GA31309-RA 	3248291	3248578
GA31015-RA 	3249350	3286230
GA24670-RA 	3258240	3258791
GA31757-RA 	3264145	3264489
GA31306-RB 	3272478	3273080
GA12353-RB 	3275641	3276977
GA15717-RA 	3277135	3277470
GA24484-RA 	3286971	3288528
GA16715-RA 	3289847	3291209
GA16745-RA 	3294312	3296546
GA15766-RA 	3316302	3317543
GA15710-RA 	3317689	3318932
GA22090-RA 	3326861	3330211
GA24483-RA 	3337745	3338932
GA24482-RA 	3339555	3340733
GA15716-RA 	3341183	3342333
GA15713-RA 	3342514	3344070
GA24672-RA 	3344654	3346906
GA15915-RA 	3347012	3348427
GA15913-RC 	3350236	3353724
GA24481-RA 	3354917	3356335
GA13486-RA 	3363241	3367485
GA24673-RA 	3368638	3370319
GA13474-RB 	3371116	3376066
GA13484-RA 	3389911	3390888
GA17320-RB 	3392964	3404246
GA13483-RC 	3407102	3409666
GA13473-RA 	3409810	3411777
GA24675-RB 	3412679	3413238
GA17321-RA 	3417105	3422814
GA14683-RA 	3424212	3425139
GA15013-RA 	3425434	3426437
GA24478-RB 	3430149	3430578
GA32088-RA 	3434007	3454267
GA24677-RB 	3437403	3440913
GA24678-RA 	3442680	3444913
GA24679-RB 	3461489	3462858
GA32521-RA 	3464194	3464987
GA24680-RB 	3467155	3467635
GA13481-RA 	3468979	3471463
GA13472-RA 	3471596	3473733
GA24681-RA 	3474109	3475121
GA24476-RC 	3476653	3488671
GA13470-RB 	3484379	3485023
GA24682-RA 	3493700	3495964
GA24683-RB 	3496982	3499214
GA31746-RA 	3499258	3501913
GA24684-RA 	3505258	3506284
GA24685-RA 	3506915	3507791
GA13479-RA 	3515043	3515579
GA30552-RA 	3523045	3523478
GA18903-RB 	3523481	3525012
GA18907-RA 	3540800	3542402
GA21795-RA 	3544036	3552055
GA13876-RA 	3558074	3559690
GA21819-RB 	3561018	3571272
GA24686-RA 	3571291	3573153
GA18094-RB 	3573522	3575573
GA13878-RA 	3575931	3577748
GA24474-RB 	3579892	3597787
GA24688-RC 	3623374	3637074
GA15812-RA 	3624168	3625193
GA24472-RA 	3638248	3638652
GA24689-RB 	3642265	3644398
GA10359-RA 	3644977	3649633
GA15813-RA 	3650409	3651241
GA15811-RA 	3651673	3652724
GA10049-RA 	3653286	3653585
GA22009-RA 	3653691	3655370
GA24690-RB 	3659647	3669904
GA22011-RA 	3670289	3672301
GA21822-RC 	3678312	3684137
GA24471-RB 	3684386	3684943
GA15814-RA 	3685151	3687788
GA20995-RA 	3688863	3689633
GA18545-RC 	3690133	3692840
GA21033-RA 	3696086	3700815
GA18515-RA 	3703667	3705618
GA18403-RA 	3717994	3719577
GA24470-RA 	3722077	3739798
GA20604-RA 	3755711	3757910
GA18184-RA 	3762494	3764080
GA24468-RA 	3767118	3768074
GA13908-RA 	3768683	3769393
GA24466-RA 	3802192	3802961
GA24691-RA 	3812742	3814421
GA24465-RA 	3815261	3816274
GA24464-RA 	3817514	3819549
GA20630-RA 	3826392	3828245
GA18157-RA 	3829251	3830045
GA30014-RA 	3833068	3862197
GA24692-RA 	3841826	3843802
GA15647-RA 	3843917	3845895
GA24463-RA 	3880479	3881078
GA24461-RB 	3898648	3901886
GA32220-RA 	3909966	3910543
GA24693-RB 	3910924	3911726
GA20745-RA 	3912374	3913879
GA19470-RA 	3913998	3915137
GA20753-RA 	3915985	3917552
GA18098-RA 	3918512	3919909
GA18080-RA 	3933841	3936052
GA15646-RA 	3936648	3937476
GA24459-RB 	3942769	3943805
GA20796-RA 	3945145	3949116
GA17759-RA 	3949695	3956237
GA17560-RA 	3966682	3969165
GA20560-RA 	3969458	3971181
GA15649-RB 	3971258	3971692
GA32188-RA 	3971695	3972101
GA24458-RA 	3972140	3973750
GA17673-RA 	3973979	3975778
GA15762-RA 	3976502	3977272
GA24694-RA 	3977511	3978698
GA13901-RA 	3978897	3979277
GA24457-RB 	3979842	3980000
GA20568-RA 	3981481	3982074
GA24454-RB 	3982538	3989340
GA20572-RA 	3990410	3994814
GA17646-RA 	3995247	3997377
GA20578-RA 	3997835	3999969
GA20582-RB 	4006398	4017271
GA13904-RA 	4019506	4020271
GA15720-RA 	4020394	4021040
GA15727-RB 	4021601	4022060
GA17657-RA 	4022312	4023026
GA18141-RA 	4023447	4025188
GA24453-RA 	4025571	4026083
GA15726-RB 	4026325	4026932
GA31820-RA 	4027035	4027618
GA12335-RA 	4028633	4029473
GA12336-RA 	4029907	4030375
GA24695-RA 	4030835	4031315
GA24696-RA 	4032549	4032844
GA24697-RA 	4033295	4033762
GA18059-RA 	4034021	4034476
GA33012-RA 	4036581	4036988
GA15742-RA 	4037316	4037830
GA15738-RA 	4038103	4038594
GA24699-RA 	4039147	4039773
GA11466-RA 	4040945	4041608
GA22149-RB 	4056562	4058151
GA12341-RA 	4064393	4069653
GA15731-RB 	4071899	4074511
GA12338-RA 	4073083	4073746
GA12339-RA 	4074818	4075540
GA12342-RA 	4075953	4076663
GA12340-RA 	4076918	4077700
GA15744-RA 	4077802	4082505
GA15737-RE 	4082592	4087134
GA15644-RA 	4087505	4105141
GA17508-RB 	4112292	4143951
GA24700-RA 	4129966	4130954
GA32609-RA 	4150935	4151543
GA24701-RB 	4151777	4152400
GA24702-RC 	4153275	4153880
GA24703-RA 	4154110	4154747
GA24704-RA 	4172941	4173596
GA17491-RC 	4176510	4178679
GA17558-RA 	4181537	4183996
GA17566-RA 	4188027	4194802
GA15740-RB 	4196695	4207418
GA15743-RA 	4203927	4205573
GA15741-RA 	4208131	4210032
GA15735-RA 	4210972	4212838
GA22061-RA 	4213765	4215396
GA17586-RA 	4216975	4218613
GA12346-RA 	4219204	4224967
GA24705-RA 	4236520	4273377
GA21080-RA 	4274737	4275504
GA21079-RA 	4276986	4278610
GA14851-RB 	4281037	4295266
GA24451-RA 	4283471	4287460
GA21076-RA 	4295617	4296696
GA21075-RA 	4297545	4302270
GA24708-RA 	4315526	4316167
GA17244-RA 	4316479	4318759
GA21073-RA 	4319189	4321718
GA14125-RA 	4322040	4322858
GA14502-RA 	4331670	4338368
GA14500-RB 	4355269	4361509
GA10078-RB 	4364803	4369749
GA14498-RA 	4374423	4377020
GA10075-RA 	4384134	4386010
GA14497-RA 	4387717	4388666
GA10074-RA 	4399706	4400905
GA21067-RB 	4406433	4408646
GA12642-RB 	4415032	4415609
GA24710-RA 	4415844	4416374
GA15625-RA 	4416447	4417135
GA15623-RA 	4417239	4417961
GA24449-RA 	4418287	4419095
GA15619-RA 	4419328	4420000
GA24448-RA 	4420022	4421093
GA31191-RA 	4421327	4422377
GA24447-RB 	4422553	4423586
GA20852-RA 	4424477	4426515
GA11668-RB 	4430071	4430823
GA12644-RA 	4431997	4432581
GA21212-RB 	4433530	4434528
GA21208-RB 	4435127	4437732
GA21082-RB 	4439587	4445389
GA21084-RA 	4446329	4447811
GA24712-RA 	4448171	4448504
GA24713-RB 	4449890	4450084
GA21085-RA 	4450375	4451787
GA24446-RA 	4452071	4452678
GA14852-RA 	4453051	4456169
GA21086-RA 	4458006	4459642
GA24444-RA 	4478915	4480006
GA12277-RA 	4482394	4484456
GA31529-RA 	4484740	4485466
GA24443-RC 	4486482	4491491
GA20580-RA 	4510285	4511695
GA24714-RB 	4514569	4517826
GA20579-RC 	4525882	4533766
GA14690-RA 	4547561	4579747
GA21479-RA 	4597200	4600525
GA10623-RD 	4656270	4669116
GA21471-RA 	4691362	4693445
GA21470-RB 	4697233	4701675
GA21468-RA 	4717862	4720253
GA24719-RA 	4726972	4727300
GA12113-RA 	4730016	4730587
GA15593-RB 	4741708	4747025
GA21465-RB 	4748549	4748805
GA32626-RA 	4753447	4753735
GA24720-RB 	4757308	4757975
GA15650-RA 	4762832	4764109
GA10654-RA 	4766804	4767601
GA24439-RB 	4768306	4773365
GA24721-RA 	4775302	4779052
GA19679-RA 	4779175	4780900
GA18442-RA 	4781344	4782557
GA19676-RA 	4782702	4784128
GA14945-RA 	4784715	4786046
GA19672-RA 	4786598	4797589
GA31307-RA 	4793347	4794597
GA14944-RA 	4794721	4795482
GA24438-RA 	4799536	4799935
GA10543-RA 	4800397	4800804
GA33018-RA 	4801874	4806458
GA13013-RA 	4807086	4808627
GA19661-RA 	4810902	4813531
GA18453-RB 	4814768	4817367
GA19659-RA 	4819961	4820530
GA18461-RA 	4824216	4826363
GA15652-RC 	4827519	4831002
GA24437-RB 	4831321	4831843
GA24724-RA 	4832763	4834810
GA24725-RA 	4841531	4847024
GA24727-RA 	4848934	4849239
GA18475-RC 	4849787	4852111
GA18480-RA 	4856025	4858428
GA10993-RA 	4858770	4859417
GA18489-RA 	4859631	4860304
GA24436-RT 	4861879	4877313
GA10120-RA 	4879918	4881823
GA24435-RD 	4883488	4908660
GA10150-RA 	4921263	4922313
GA10151-RA 	4931321	4933275
GA10153-RA 	4947813	4948703
GA10155-RA 	4962709	4964873
GA10157-RA 	4965594	4967591
GA10161-RA 	4968350	4972282
GA24728-RA 	4975727	4976182
GA24434-RA 	4978374	4980230
GA22077-RA 	4986463	4990676
GA24432-RA 	4991239	4992275
GA22089-RA 	4992494	4993071
GA32618-RA 	4993376	4993792
GA10745-RB 	4994125	4994874
GA17481-RA 	4995040	5000894
GA10079-RA 	5002388	5015774
GA10080-RA 	5016934	5021505
GA24730-RA 	5023627	5029857
GA10081-RB 	5031659	5032962
GA15722-RA 	5033326	5034137
GA24431-RA 	5041070	5042761
GA10084-RA 	5050357	5113937
GA15626-RB 	5069938	5071353
GA10086-RB 	5101984	5105889
GA11870-RB 	5123858	5126043
GA10089-RA 	5126707	5132204
GA15627-RA 	5132376	5132872
GA10094-RB 	5133687	5135999
GA32943-RA 	5136546	5137980
GA11869-RB 	5138559	5141733
GA24428-RB 	5139564	5142692
GA11866-RA 	5143022	5153774
GA10096-RA 	5154766	5155202
GA10097-RA 	5166892	5167904
GA31719-RA 	5179228	5179484
GA24427-RB 	5181617	5182148
GA10106-RA 	5198404	5200062
GA11864-RA 	5205449	5206099
GA11863-RA 	5206297	5207547
GA33026-RA 	5209253	5212535
GA10108-RB 	5213630	5254707
GA31047-RA 	5215612	5215941
GA11868-RB 	5269172	5272051
GA24426-RA 	5284345	5287865
GA11861-RA 	5295908	5298505
GA10577-RA 	5300713	5300919
GA10109-RA 	5302117	5302894
GA24424-RA 	5303491	5304882
GA15868-RA 	5305243	5305682
GA10113-RB 	5305844	5308609
GA24734-RB 	5309305	5309987
GA11862-RA 	5310512	5310927
GA10115-RA 	5311037	5311741
GA11860-RA 	5312169	5313501
GA10117-RA 	5315787	5321159
GA24735-RA 	5323432	5325736
GA14934-RA 	5326305	5330676
GA24737-RA 	5330677	5331541
GA18502-RA 	5332062	5333149
GA19650-RA 	5333304	5334269
GA18514-RA 	5335907	5343453
GA24738-RA 	5345329	5352058
GA24739-RB 	5353441	5353644
GA13016-RA 	5355859	5356681
GA19643-RA 	5356754	5358912
GA18517-RA 	5359934	5362958
GA13018-RA 	5363445	5363743
GA24740-RA 	5363965	5364240
GA18527-RA 	5364692	5365526
GA19635-RA 	5366248	5372055
GA21232-RA 	5373429	5374833
GA21233-RB 	5375888	5386040
GA11937-RA 	5386537	5387037
GA11212-RA 	5387079	5387783
GA20819-RA 	5388600	5389865
GA20818-RA 	5390589	5397405
GA15632-RA 	5394499	5396304
GA24422-RA 	5398098	5399900
GA11211-RB 	5400337	5402903
GA31670-RA 	5401520	5402268
GA20816-RC 	5403409	5405143
GA32627-RA 	5416511	5416645
GA14874-RA 	5421929	5453607
GA20428-RA 	5462425	5463521
GA20569-RA 	5464960	5475172
GA20499-RA 	5466558	5468083
GA15509-RA 	5476402	5478222
GA15515-RA 	5478400	5479958
GA15516-RA 	5480171	5481436
GA15511-RA 	5482149	5484629
GA13230-RA 	5486494	5487777
GA21283-RA 	5489359	5492266
GA21282-RA 	5492662	5493946
GA10832-RA 	5494663	5505535
GA21281-RA 	5509239	5510476
GA10831-RA 	5514588	5515518
GA10830-RB 	5515987	5518245
GA10828-RA 	5521378	5522548
GA21280-RA 	5524980	5526476
GA13229-RB 	5528235	5530402
GA24421-RB 	5535756	5536236
GA31344-RA 	5540747	5541016
GA14941-RA 	5551962	5560729
GA11802-RA 	5572332	5575680
GA25593-RA 	5582457	5583203
GA21277-RC 	5585296	5591429
GA11803-RA 	5593982	5594617
GA21278-RA 	5595883	5596970
GA32790-RA 	5597408	5598115
GA17746-RA 	5598591	5602897
GA17750-RB 	5606792	5609699
GA30864-RB 	5608416	5609530
GA24742-RB 	5610655	5612548
GA17752-RB 	5624038	5634850
GA24743-RA 	5657863	5664851
GA12205-RA 	5707304	5707736
GA24416-RB 	5717022	5732756
GA31061-RA 	5724080	5725045
GA24746-RA 	5760310	5764640
GA32746-RA 	5787789	5789114
GA12207-RA 	5794273	5797078
GA24748-RA 	5797567	5802436
GA32930-RA 	5803048	5804577
GA24414-RB 	5813373	5819094
GA31314-RA 	5818655	5820047
GA13478-RA 	5820096	5821049
GA14834-RA 	5821113	5821947
GA13492-RA 	5822289	5823889
GA13493-RA 	5824661	5826533
GA13496-RA 	5827033	5828562
GA24749-RA 	5829803	5830111
GA24413-RD 	5831928	5915230
GA11797-RA 	5832758	5833066
GA10563-RA 	5834068	5834505
GA32019-RA 	5834554	5834785
GA15764-RA 	5875591	5878296
GA11794-RB 	5920662	5923231
GA15012-RA 	5935183	5936371
GA24412-RA 	5936715	5937571
GA13494-RB 	5938532	5942031
GA15011-RA 	5944626	5945671
GA13495-RE 	5959165	5973448
GA13502-RB 	5987863	5992345
GA32761-RA 	5992432	5995404
GA24411-RA 	5999020	5999938
GA24752-RA 	6011640	6012191
GA13504-RA 	6019075	6019680
GA13498-RA 	6023924	6025168
GA14104-RB 	6054029	6083861
GA15666-RA 	6057396	6059247
GA24410-RA 	6083030	6083338
GA24754-RA 	6087460	6090393
GA15861-RA 	6090909	6092126
GA20894-RA 	6092493	6093550
GA20892-RA 	6094123	6096414
GA15351-RB 	6098090	6101035
GA13988-RA 	6104603	6112242
GA24755-RA 	6132200	6136489
GA11422-RA 	6137073	6138651
GA11423-RA 	6138716	6140129
GA14938-RA 	6141792	6152196
GA32369-RA 	6145896	6147472
GA15322-RA 	6153311	6153593
GA11907-RA 	6154643	6155332
GA12570-RA 	6158403	6158693
GA15334-RA 	6161086	6167193
GA15342-RA 	6167460	6170172
GA11910-RA 	6170545	6170931
GA12412-RA 	6170966	6172376
GA11909-RA 	6173183	6174805
GA12475-RA 	6175064	6179039
GA21937-RA 	6179617	6183703
GA19979-RA 	6184321	6190506
GA21437-RB 	6185038	6187993
GA21430-RA 	6190625	6193295
GA19992-RA 	6193769	6196457
GA24409-RC 	6197458	6206436
GA31480-RA 	6212612	6212948
GA21426-RA 	6219541	6222221
GA19121-RA 	6237803	6240119
GA13027-RA 	6244056	6244722
GA13026-RB 	6245613	6246113
GA18642-RC 	6248917	6275596
GA24757-RA 	6294499	6296900
GA24404-RA 	6334445	6364394
GA24758-RA 	6376112	6376902
GA24759-RA 	6377272	6379482
GA19118-RA 	6401051	6401618
GA19113-RA 	6402102	6403023
GA13030-RA 	6404603	6405240
GA24403-RB 	6405915	6407091
GA10635-RA 	6408050	6409241
GA10636-RA 	6412998	6413836
GA24761-RB 	6418802	6444358
GA19108-RA 	6444969	6445734
GA18658-RB 	6447198	6451740
GA24402-RA 	6452949	6457041
GA24762-RA 	6461545	6461871
GA19106-RA 	6467412	6472136
GA10637-RA 	6476333	6477826
GA15218-RA 	6478709	6479990
GA11356-RA 	6480172	6481731
GA10860-RA 	6482519	6483466
GA24400-RD 	6486004	6501778
GA24396-RA 	6512352	6513415
GA24395-RA 	6516259	6517674
GA15143-RA 	6518822	6520216
GA12603-RB 	6521761	6525288
GA24763-RA 	6525695	6526705
GA15880-RA 	6527183	6530785
GA15883-RA 	6528537	6530477
GA24764-RC 	6535969	6552370
GA12730-RA 	6554453	6555247
GA11400-RA 	6555641	6556197
GA13944-RA 	6557814	6558367
GA11837-RA 	6562020	6562502
GA10856-RA 	6564461	6569072
GA21074-RA 	6569569	6571266
GA10852-RA 	6572145	6574206
GA20985-RA 	6575501	6576769
GA14533-RA 	6578459	6582880
GA21393-RA 	6585199	6586560
GA21440-RA 	6587342	6588771
GA21443-RA 	6593362	6607426
GA20966-RA 	6617855	6619871
GA11800-RA 	6620591	6621880
GA19104-RD 	6622735	6631632
GA18665-RA 	6627712	6631054
GA18673-RA 	6633604	6637942
GA14609-RB 	6640401	6640691
GA19099-RA 	6643504	6645225
GA18677-RA 	6646099	6648189
GA19096-RA 	6649569	6650273
GA10638-RA 	6652975	6654846
GA10639-RB 	6655810	6658342
GA19092-RB 	6659717	6662038
GA17611-RA 	6666930	6667431
GA20586-RB 	6669258	6669917
GA32572-RA 	6670449	6671076
GA11509-RA 	6671563	6672512
GA18314-RB 	6673153	6673928
GA18316-RB 	6674084	6676282
GA18326-RA 	6677839	6678382
GA14303-RA 	6678614	6678920
GA18323-RA 	6679367	6680272
GA18332-RA 	6681354	6685393
GA18339-RA 	6686753	6688236
GA10789-RA 	6690349	6692697
GA24769-RA 	6694514	6697766
GA24771-RA 	6701733	6704950
GA10774-RA 	6702307	6703699
GA24772-RA 	6705618	6706397
GA19584-RA 	6706741	6708856
GA19580-RA 	6709496	6710034
GA19586-RA 	6710230	6710814
GA19591-RA 	6711050	6711975
GA21404-RA 	6713264	6730772
GA19620-RB 	6717917	6721548
GA19657-RA 	6735201	6738190
GA24393-RA 	6754727	6755359
GA19732-RA 	6765575	6797925
GA31662-RA 	6793422	6793776
GA13848-RA 	6801106	6802680
GA24392-RA 	6802711	6803016
GA21477-RA 	6803237	6803734
GA24390-RA 	6804022	6810510
GA24773-RA 	6807487	6807741
GA19757-RA 	6810760	6812118
GA19763-RA 	6812388	6813481
GA21475-RA 	6813636	6814730
GA24111-RA 	6841766	6847442
GA10384-RA 	6851406	6852545
GA13872-RA 	6853474	6854106
GA21722-RA 	6854374	6855031
GA25090-RA 	6855319	6856881
GA24109-RA 	6856942	6858564
GA24108-RA 	6859159	6860754
GA24107-RA 	6861380	6862961
GA17825-RA 	6863602	6865285
GA10376-RA 	6866145	6867372
GA10372-RA 	6868182	6870200
GA25091-RD 	6881123	6885128
GA17889-RA 	6885457	6887764
GA25093-RB 	6894830	6898010
GA21760-RD 	6899705	6922420
GA21756-RA 	6917997	6920054
GA17918-RA 	6923471	6926390
GA21763-RA 	6928477	6928984
GA25095-RA 	6930165	6930608
GA15808-RB 	6931319	6941168
GA25097-RB 	6944958	6945683
GA30271-RB 	6946986	6948592
GA21773-RA 	6949898	6951190
GA13875-RA 	6951367	6951762
GA15809-RC 	6953174	6958373
GA18068-RA 	6963267	6970438
GA24105-RA 	6976601	6980727
GA21787-RA 	6981430	6982344
GA18077-RA 	6982469	6982999
GA25100-RA 	6983476	6986367
GA18082-RA 	6993769	6994564
GA30270-RB 	6995050	6998293
GA20777-RA 	7002126	7003468
GA15198-RA 	7023389	7040600
GA24831-RA 	7030710	7032851
GA24832-RA 	7033841	7035849
GA24833-RA 	7036408	7038472
GA15774-RA 	7046589	7047093
GA30497-RD 	7048729	7064750
GA30498-RA 	7056696	7059111
GA15217-RA 	7081257	7082317
GA15161-RA 	7082545	7084605
GA15223-RA 	7085031	7087357
GA15166-RA 	7089580	7095693
GA32227-RA 	7091519	7092873
GA15226-RB 	7101002	7102869
GA12653-RC 	7108411	7159142
GA24326-RE 	7113574	7116225
GA15169-RB 	7141075	7142315
GA24325-RA 	7148940	7149224
GA31708-RA 	7163543	7163932
GA21330-RA 	7175498	7176176
GA21331-RA 	7176417	7178575
GA12650-RA 	7179118	7179852
GA24324-RA 	7179931	7180120
GA21332-RA 	7181351	7189609
GA24835-RA 	7195431	7197980
GA12654-RA 	7202028	7203186
GA30496-RA 	7206308	7216133
GA10899-RC 	7220143	7224339
GA14805-RA 	7235372	7236373
GA17945-RA 	7246287	7250130
GA24322-RA 	7246855	7248607
GA10897-RA 	7250388	7253067
GA17951-RA 	7254906	7255773
GA18912-RA 	7256942	7257625
GA15707-RB 	7258158	7264997
GA11525-RA 	7260797	7261876
GA18906-RA 	7265915	7267486
GA10895-RB 	7268146	7268719
GA18238-RA 	7270079	7270721
GA18876-RA 	7270991	7272111
GA24321-RA 	7272587	7273743
GA18863-RE 	7276770	7291456
GA18855-RB 	7303298	7324879
GA24838-RB 	7342384	7354806
GA17871-RB 	7350267	7351428
GA24837-RA 	7352386	7353267
GA32722-RA 	7356330	7356815
GA30493-RA 	7356944	7357156
GA31894-RA 	7358035	7358495
GA30494-RA 	7358640	7359025
GA18848-RE 	7360246	7397628
GA15708-RA 	7397885	7398565
GA18829-RA 	7398737	7402106
GA17783-RA 	7402331	7403287
GA17791-RA 	7403556	7408433
GA18828-RA 	7404457	7405814
GA14437-RA 	7408737	7409192
GA17804-RA 	7410192	7412269
GA15709-RA 	7412518	7413183
GA17325-RC 	7413593	7415014
GA17326-RB 	7415110	7416390
GA24841-RA 	7419103	7423625
GA24319-RA 	7425555	7426892
GA12538-RA 	7427984	7429321
GA15336-RA 	7431950	7435454
GA30492-RC 	7437715	7438596
GA12545-RA 	7439263	7440149
GA24843-RB 	7446329	7449375
GA17840-RG 	7451937	7458876
GA12502-RA 	7459961	7461441
GA12504-RA 	7462707	7463552
GA20863-RA 	7464030	7467974
GA20888-RA 	7484196	7486555
GA20885-RA 	7486702	7488964
GA12501-RA 	7491053	7501747
GA20889-RA 	7503127	7504345
GA20811-RC 	7512851	7519377
GA20810-RA 	7521994	7524186
GA11193-RB 	7524475	7526602
GA24317-RB 	7526622	7529437
GA11795-RA 	7530235	7532180
GA20809-RC 	7532331	7534049
GA30559-RA 	7535100	7536981
GA20807-RA 	7538964	7540110
GA24845-RA 	7540246	7544644
GA24846-RB 	7545492	7547399
GA20805-RB 	7549742	7551745
GA21317-RA 	7552364	7552949
GA20803-RA 	7553172	7555411
GA24847-RA 	7555688	7561637
GA30491-RH 	7562503	7567330
GA11198-RA 	7569467	7570277
GA15037-RA 	7570747	7579150
GA24851-RA 	7580408	7582334
GA20794-RA 	7582942	7584423
GA24852-RA 	7585364	7586097
GA11808-RA 	7592909	7604007
GA24315-RA 	7605200	7613840
GA15636-RA 	7614572	7618992
GA24314-RD 	7626714	7644351
GA20775-RB 	7645962	7648067
GA14073-RA 	7653214	7656775
GA14185-RA 	7660396	7665006
GA21534-RA 	7666480	7667728
GA24853-RA 	7668070	7670724
GA11199-RA 	7670789	7672176
GA24854-RA 	7673399	7674075
GA21496-RC 	7674725	7677821
GA21406-RA 	7675547	7676246
GA10835-RC 	7690744	7692760
GA32505-RA 	7697764	7698875
GA12587-RA 	7702790	7704307
GA10531-RT 	7733058	7739903
GA20098-RD 	7742335	7789696
GA20128-RA 	7791029	7792093
GA11291-RH 	7798784	7806621
GA20194-RB 	7813086	7813872
GA20197-RB 	7834256	7836451
GA11272-RC 	7838228	7840423
GA10702-RA 	7841723	7842257
GA13507-RB 	7842544	7843332
GA17506-RB 	7863635	7865273
GA17454-RA 	7869619	7878367
GA15432-RA 	7879877	7891670
GA17419-RA 	7903394	7905875
GA15425-RB 	7915455	7920544
GA30490-RA 	7927769	7935857
GA24311-RA 	7978425	7979557
GA24858-RE 	7991265	7993161
GA15417-RA 	7999027	8000194
GA32680-RA 	8010120	8011448
GA21745-RB 	8011732	8015863
GA15840-RB 	8018780	8019751
GA24859-RD 	8020582	8025786
GA24860-RC 	8027371	8028673
GA15841-RA 	8030460	8031436
GA17390-RA 	8051334	8053371
GA24862-RC 	8088917	8102455
GA32843-RA 	8104433	8106931
GA24863-RB 	8106952	8110614
GA12583-RA 	8110815	8111573
GA21415-RB 	8112702	8114940
GA31519-RA 	8116049	8116398
GA31954-RA 	8118313	8118781
GA24864-RA 	8119403	8120500
GA14118-RA 	8133683	8134257
GA12586-RA 	8135830	8137924
GA24308-RA 	8145490	8146059
GA10829-RA 	8147372	8148235
GA17246-RK 	8224629	8278009
GA24306-RE 	8312137	8312782
GA12274-RA 	8317818	8318322
GA31474-RA 	8318419	8318652
GA24304-RB 	8326740	8327120
GA12275-RA 	8341824	8342291
GA15682-RA 	8349139	8349524
GA14779-RA 	8350200	8351025
GA24866-RA 	8351460	8352018
GA12276-RA 	8352745	8354223
GA12280-RA 	8355224	8355538
GA12281-RA 	8355845	8356545
GA15677-RB 	8362385	8362759
GA15675-RA 	8362910	8363381
GA14778-RA 	8363689	8364426
GA17236-RA 	8364874	8365671
GA24301-RA 	8365949	8366393
GA20595-RA 	8367196	8367651
GA24300-RA 	8368228	8369967
GA17600-RA 	8371479	8374414
GA13899-RA 	8374798	8378387
GA18304-RB 	8379104	8382832
GA30488-RA 	8383048	8384043
GA17948-RA 	8384385	8386718
GA17927-RB 	8386929	8390471
GA24867-RH 	8400782	8411518
GA24299-RA 	8413509	8414350
GA31334-RA 	8414833	8415605
GA17312-RA 	8415962	8418998
GA24298-RA 	8419668	8421318
GA24297-RA 	8422848	8429585
GA18574-RB 	8431220	8432831
GA18566-RA 	8436233	8437637
GA30487-RB 	8437791	8439148
GA24296-RA 	8439411	8440658
GA19582-RB 	8455630	8460069
GA24132-RA 	8465515	8468080
GA25075-RA 	8468518	8469058
GA25076-RA 	8469170	8469879
GA10380-RA 	8469980	8470875
GA18427-RA 	8483577	8484998
GA17580-RC 	8485289	8485972
GA25077-RA 	8486131	8487523
GA25078-RA 	8487716	8488784
GA17561-RA 	8496619	8498328
GA12387-RB 	8503789	8508220
GA18396-RA 	8514613	8517739
GA17555-RA 	8515016	8516632
GA24129-RB 	8518052	8521480
GA24128-RA 	8520239	8521004
GA18373-RA 	8521756	8523968
GA17528-RA 	8524107	8525015
GA32691-RA 	8525944	8526240
GA17523-RA 	8526420	8527247
GA17515-RA 	8528216	8529767
GA18359-RA 	8530442	8530900
GA12380-RA 	8531095	8532117
GA24126-RA 	8533242	8541200
GA18353-RA 	8551131	8552380
GA25079-RB 	8552645	8552923
GA24124-RA 	8553310	8555844
GA17492-RB 	8557640	8560123
GA11510-RA 	8560346	8563446
GA10990-RC 	8563981	8566264
GA10988-RA 	8566878	8569783
GA25082-RA 	8570950	8572947
GA12379-RH 	8575388	8580906
GA24122-RA 	8595661	8596035
GA15849-RA 	8598045	8599919
GA16512-RA 	8600217	8600786
GA25083-RA 	8601643	8604102
GA24121-RA 	8604915	8606161
GA21300-RA 	8607061	8607708
GA21240-RA 	8608055	8609861
GA21153-RA 	8610335	8613261
GA21158-RA 	8613666	8615624
GA11587-RC 	8621732	8625815
GA21348-RD 	8627288	8631173
GA15601-RB 	8633747	8639478
GA21345-RA 	8644247	8646361
GA12080-RA 	8647258	8649051
GA21344-RA 	8649222	8650653
GA21027-RB 	8651912	8657285
GA21037-RA 	8657576	8658208
GA21038-RA 	8659628	8661557
GA21039-RA 	8662467	8664019
GA21041-RA 	8664393	8665191
GA21043-RA 	8665393	8666506
GA21045-RA 	8666615	8667542
GA30274-RB 	8668262	8668966
GA21099-RA 	8679270	8681573
GA21105-RD 	8682816	8687521
GA21109-RB 	8688514	8691594
GA25084-RA 	8692573	8695835
GA25085-RA 	8697826	8699879
GA21135-RA 	8701115	8706476
GA21150-RA 	8707267	8710008
GA21141-RA 	8710710	8712629
GA21145-RA 	8713092	8714546
GA30273-RA 	8715781	8718012
GA21160-RA 	8721909	8723105
GA21164-RB 	8724895	8728683
GA21181-RI 	8733028	8751376
GA21185-RB 	8753155	8755193
GA17595-RA 	8756381	8757188
GA17487-RA 	8757318	8759941
GA17601-RA 	8771258	8772740
GA12347-RB 	8774290	8775722
GA25087-RG 	8776623	8782162
GA17485-RA 	8783274	8783965
GA17483-RC 	8784341	8787130
GA12348-RA 	8787587	8788479
GA17480-RA 	8788633	8789766
GA17618-RA 	8789937	8795160
GA17623-RA 	8795445	8796727
GA24114-RA 	8796791	8798138
GA21323-RA 	8800271	8801436
GA25088-RB 	8802353	8806795
GA13871-RA 	8807152	8808985
GA16724-RA 	8809779	8814782
GA16759-RA 	8815184	8817185
GA21704-RB 	8817604	8818552
GA24113-RA 	8820436	8822615
GA25089-RC 	8829165	8834697
GA15755-RA 	8836456	8838784
GA17308-RA 	8839221	8841252
GA21718-RA 	8841427	8844885
GA17211-RA 	8845218	8846531
GA21720-RA 	8856918	8857566
GA19795-RB 	8878998	8888754
GA32511-RA 	8890473	8891363
GA24389-RB 	8891466	8892954
GA21467-RA 	8893066	8894497
GA21466-RA 	8894656	8896169
GA24775-RA 	8897593	8899559
GA24388-RC 	8901325	8901983
GA24777-RB 	8907825	8916347
GA11906-RB 	8917194	8918445
GA24778-RC 	8920365	8921595
GA14766-RA 	8921932	8925619
GA24387-RN 	8926323	8933514
GA11483-RA 	8935171	8936571
GA24386-RB 	8963435	8964847
GA32496-RA 	8997935	9003185
GA17460-RA 	9007911	9011595
GA24384-RA 	9012126	9013212
GA11905-RA 	9013614	9014621
GA11480-RD 	9015354	9017157
GA11904-RA 	9020117	9021928
GA11902-RB 	9023924	9027114
GA24382-RA 	9039723	9102054
GA19300-RA 	9094488	9096270
GA31355-RA 	9108473	9109091
GA24381-RA 	9110264	9129962
GA24380-RA 	9135625	9136677
GA18071-RA 	9137285	9138100
GA18089-RA 	9139358	9144226
GA17915-RA 	9144657	9147014
GA17936-RA 	9147706	9148471
GA18113-RA 	9148606	9152461
GA24781-RD 	9160161	9169303
GA14676-RA 	9170803	9172650
GA18713-RA 	9172835	9174225
GA18031-RA 	9174482	9175725
GA17648-RA 	9175929	9176937
GA17660-RA 	9177478	9177873
GA11614-RA 	9184366	9185210
GA11894-RB 	9190394	9276315
GA24782-RA 	9191585	9192118
GA24783-RB 	9192374	9193195
GA11889-RA 	9193361	9194004
GA11890-RB 	9214723	9217200
GA11891-RA 	9223609	9225417
GA24785-RB 	9236728	9243422
GA31114-RA 	9239931	9240356
GA31336-RA 	9244160	9244285
GA24786-RB 	9244629	9244808
GA24376-RA 	9278233	9285485
GA31074-RA 	9279589	9279948
GA11895-RA 	9287580	9288581
GA11899-RA 	9288700	9289569
GA17222-RA 	9290338	9292683
GA24375-RAJ	9296198	9324814
GA24374-RB 	9334735	9336247
GA11901-RA 	9336424	9338064
GA18299-RA 	9340926	9342905
GA18253-RA 	9343202	9351706
GA24373-RB 	9352656	9367161
GA24787-RA 	9362798	9363238
GA24788-RA 	9363313	9363741
GA19888-RA 	9370793	9375781
GA24791-RA 	9377956	9379943
GA13844-RD 	9381958	9387563
GA19874-RA 	9389098	9390223
GA21451-RA 	9390711	9392110
GA19868-RA 	9392492	9393995
GA18683-RA 	9394326	9394956
GA24792-RA 	9394981	9395303
GA19089-RA 	9395757	9397951
GA22051-RD 	9402203	9435476
GA24793-RB 	9419445	9423105
GA22160-RA 	9430414	9432892
GA11297-RB 	9453138	9457930
GA10034-RA 	9460480	9463414
GA21772-RA 	9463680	9467470
GA24794-RA 	9471608	9475506
GA10051-RB 	9476083	9480298
GA32923-RA 	9480936	9484229
GA10058-RC 	9485589	9488848
GA24796-RB 	9490239	9493509
GA12088-RA 	9494974	9500959
GA15604-RA 	9501752	9505149
GA24797-RA 	9505675	9508958
GA15600-RA 	9509413	9512803
GA24798-RA 	9513727	9517194
GA12087-RB 	9517671	9521259
GA24799-RA 	9521690	9521938
GA15602-RA 	9523147	9523770
GA15599-RA 	9524492	9525416
GA12082-RA 	9525580	9526339
GA21122-RB 	9529600	9530085
GA21357-RA 	9537637	9538261
GA12084-RA 	9539178	9540565
GA21125-RA 	9544590	9548923
GA24369-RA 	9547299	9548217
GA21128-RA 	9550474	9550920
GA21129-RA 	9552580	9553049
GA15607-RA 	9553667	9554360
GA32484-RA 	9555163	9555808
GA24800-RB 	9556061	9556741
GA21130-RA 	9559192	9559873
GA12083-RA 	9562219	9563672
GA24368-RA 	9564207	9566077
GA21356-RA 	9567606	9569462
GA15694-RA 	9571284	9573057
GA32490-RA 	9573524	9574083
GA15753-RA 	9574838	9575603
GA10629-RA 	9575846	9576781
GA15902-RA 	9577457	9578614
GA15898-RA 	9579913	9582755
GA17713-RA 	9583353	9584325
GA15918-RA 	9590308	9595182
GA17718-RA 	9595709	9598742
GA24801-RA 	9597103	9597660
GA15966-RA 	9599265	9602483
GA17735-RA 	9603206	9605313
GA24366-RG 	9606470	9625109
GA18109-RA 	9626458	9628301
GA16095-RA 	9628889	9631230
GA17765-RA 	9631662	9633537
GA10968-RA 	9634950	9636329
GA16231-RA 	9637618	9638757
GA10970-RA 	9640125	9640505
GA15698-RA 	9641224	9643563
GA16346-RA 	9644234	9645304
GA15697-RA 	9645652	9646148
GA17778-RA 	9647036	9648772
GA16380-RA 	9650543	9652483
GA12367-RA 	9652712	9653581
GA16427-RA 	9654213	9660553
GA18060-RB 	9660845	9663283
GA30547-RA 	9674116	9674214
GA16529-RA 	9675653	9676482
GA16582-RA 	9677565	9678299
GA17833-RB 	9679242	9680053
GA24803-RA 	9682476	9684419
GA17846-RC 	9685132	9687384
GA16670-RC 	9688347	9693600
GA15703-RA 	9695985	9698566
GA10254-RA 	9699039	9700965
GA12365-RA 	9701471	9701731
GA14148-RB 	9703602	9706350
GA16823-RC 	9708269	9712974
GA17855-RA 	9714798	9721275
GA10893-RB 	9723283	9731523
GA24365-RA 	9733160	9738817
GA16964-RB 	9740165	9742225
GA31646-RA 	9742742	9743167
GA16996-RB 	9748463	9750246
GA24364-RA 	9751849	9752775
GA17922-RB 	9754276	9757057
GA17017-RA 	9762090	9763259
GA17930-RA 	9763342	9765998
GA17346-RA 	9779195	9782047
GA24363-RB 	9782367	9782852
GA12369-RA 	9784994	9787051
GA24806-RA 	9794197	9799328
GA18111-RA 	9799753	9800286
GA21270-RA 	9801130	9802567
GA24807-RA 	9803816	9804649
GA11060-RA 	9813061	9814092
GA21271-RA 	9819317	9823658
GA15343-RA 	9826262	9826999
GA15278-RB 	9828300	9829373
GA30623-RA 	9830261	9830737
GA11041-RB 	9830814	9831992
GA15275-RA 	9832817	9833944
GA21272-RB 	9834357	9836372
GA15274-RA 	9836484	9838724
GA15795-RA 	9840741	9847780
GA21273-RA 	9850716	9853751
GA10844-RA 	9854701	9857033
GA24810-RA 	9858443	9859651
GA21275-RA 	9859905	9861389
GA14751-RA 	9865862	9867524
GA14750-RB 	9867698	9874649
GA21276-RA 	9870278	9873247
GA15598-RA 	9899766	9924930
GA12102-RB 	9938142	9938555
GA21392-RA 	9940946	9953024
GA21021-RA 	9955671	9960611
GA21015-RA 	9967189	9971027
GA21006-RA 	9973060	9976527
GA21003-RA 	9976774	9978073
GA31592-RA 	9980182	9981098
GA21171-RA 	9981436	9983406
GA14083-RA 	9983929	9985315
GA15581-RA 	9985868	9992418
GA11571-RA 	9993280	9994030
GA11925-RA 	9994751	9997196
GA20535-RA 	9997580	9998077
GA14053-RA 	10006910	10011997
GA14055-RA 	10013298	10017423
GA30929-RA 	10017616	10018205
GA24359-RB 	10018391	10018980
GA15570-RA 	10020438	10022027
GA24357-RA 	10022155	10022741
GA24812-RB 	10027675	10028233
GA13469-RC 	10030506	10034951
GA14628-RA 	10039146	10041441
GA10647-RA 	10043766	10051121
GA18750-RC 	10054996	10060293
GA24813-RA 	10066840	10068075
GA24356-RAM	10070153	10126437
GA24355-RB 	10153286	10154377
GA24354-RA 	10173944	10176994
GA19767-RA 	10191592	10197988
GA17351-RA 	10197491	10198465
GA24814-RA 	10198478	10198660
GA12224-RC 	10202259	10203675
GA31368-RA 	10204591	10205783
GA18469-RA 	10206472	10208898
GA18464-RB 	10209393	10218128
GA15617-RC 	10212479	10213034
GA19223-RA 	10221043	10244607
GA32586-RA 	10247288	10248133
GA19268-RA 	10250923	10252376
GA12208-RA 	10252583	10253356
GA19298-RC 	10254442	10261584
GA19310-RA 	10264582	10268577
GA14307-RB 	10270771	10273477
GA19322-RA 	10275950	10277416
GA19331-RA 	10277721	10280947
GA24816-RB 	10283747	10285621
GA24351-RB 	10287015	10296906
GA12211-RA 	10290923	10292121
GA12212-RA 	10294057	10294452
GA24350-RA 	10305964	10310316
GA17329-RB 	10316279	10318718
GA19397-RA 	10322258	10323095
GA12213-RA 	10323756	10324976
GA24348-RA 	10326531	10327412
GA13869-RA 	10329083	10330191
GA17327-RA 	10343370	10349464
GA24347-RA 	10354110	10354360
GA24346-RA 	10358928	10360650
GA10035-RA 	10370228	10391660
GA21631-RA 	10398407	10399444
GA10023-RB 	10408388	10426788
GA21632-RA 	10428658	10430524
GA15757-RA 	10431358	10438797
GA32138-RA 	10440014	10440363
GA24819-RA 	10441997	10442197
GA13586-RA 	10444076	10444963
GA22173-RA 	10460485	10462318
GA14760-RA 	10462704	10464564
GA22167-RA 	10480709	10483168
GA10909-RA 	10485708	10488921
GA24342-RA 	10494583	10495267
GA24341-RA 	10518381	10520012
GA31485-RA 	10520011	10520666
GA31699-RA 	10521142	10521777
GA24820-RB 	10522130	10523020
GA24821-RB 	10523368	10525298
GA32852-RA 	10526917	10527606
GA31374-RA 	10527911	10528369
GA12292-RB 	10529542	10530966
GA24340-RB 	10550706	10551823
GA24338-RB 	10555900	10600992
GA12291-RB 	10569690	10572073
GA31128-RA 	10607597	10608358
GA12288-RB 	10608502	10609009
GA12290-RA 	10614075	10615417
GA15681-RA 	10631370	10632206
GA21461-RA 	10633373	10635004
GA24822-RB 	10636145	10640347
GA12287-RA 	10640957	10641550
GA10784-RB 	10642765	10655596
GA10804-RB 	10646213	10646852
GA24823-RC 	10647927	10648944
GA10782-RA 	10657134	10658676
GA17233-RB 	10659455	10659853
GA32520-RA 	10659853	10660623
GA10765-RA 	10660845	10661416
GA22151-RA 	10661789	10662250
GA24824-RA 	10663648	10669998
GA12286-RA 	10665975	10667836
GA10817-RB 	10673510	10675798
GA14121-RA 	10676201	10680326
GA24825-RA 	10680750	10682621
GA22143-RA 	10682975	10684933
GA15676-RA 	10690240	10696663
GA24337-RA 	10697587	10708692
GA24826-RB 	10717865	10718696
GA12284-RA 	10725129	10744114
GA15805-RA 	10745603	10746450
GA10839-RA 	10746590	10748386
GA18815-RA 	10748781	10751053
GA30501-RC 	10751216	10755425
GA18810-RA 	10753179	10754346
GA24336-RA 	10756598	10757772
GA18925-RB 	10761724	10762526
GA18807-RA 	10762852	10763427
GA18804-RA 	10763689	10764254
GA18928-RA 	10764455	10765145
GA10648-RA 	10765189	10766298
GA31836-RA 	10767608	10768145
GA15660-RD 	10770170	10810621
GA14072-RC 	10812153	10821461
GA24335-RB 	10813558	10815392
GA10204-RB 	10822536	10823605
GA20361-RA 	10841120	10861080
GA11205-RD 	10935030	10939976
GA24334-RA 	10941644	10942025
GA17716-RA 	10962877	10973012
GA17710-RA 	10978166	10980238
GA17693-RA 	10981597	10983142
GA17704-RA 	10984592	10985505
GA17687-RA 	10985867	10987848
GA17583-RA 	10989541	10990053
GA14562-RC 	10994730	11000862
GA24199-RA 	11002000	11002907
GA24200-RA 	11002987	11003956
GA14563-RB 	11004170	11005170
GA14566-RA 	11006341	11007655
GA14564-RA 	11008512	11010125
GA30837-RA 	11039435	11039663
GA14565-RA 	11045876	11057908
GA11590-RA 	11073924	11075381
GA24994-RA 	11076799	11079833
GA20774-RD 	11082008	11086247
GA20772-RC 	11092284	11094951
GA20767-RB 	11096453	11105013
GA20768-RA 	11106491	11107076
GA15366-RB 	11107073	11108219
GA20787-RA 	11110380	11112396
GA20763-RA 	11124221	11126573
GA15776-RA 	11126886	11129182
GA15775-RA 	11129888	11132349
GA15773-RA 	11132825	11133868
GA20793-RB 	11134115	11135366
GA13870-RA 	11136316	11136809
GA21716-RA 	11136875	11137216
GA24202-RB 	11137648	11138718
GA12215-RA 	11150101	11150508
GA19426-RB 	11156589	11167421
GA19432-RA 	11169904	11172692
GA14907-RA 	11173023	11174606
GA24993-RA 	11181963	11182725
GA11649-RB 	11185896	11186321
GA24204-RA 	11192041	11193164
GA14622-RC 	11227591	11300693
GA30454-RB 	11240057	11242342
GA12217-RB 	11327883	11330275
GA12219-RA 	11331429	11333003
GA32114-RA 	11339627	11340439
GA19503-RA 	11347873	11356234
GA11538-RE 	11357559	11369364
GA19508-RA 	11372231	11376098
GA12218-RA 	11377354	11377863
GA19515-RA 	11381654	11382348
GA19520-RA 	11384856	11385926
GA24205-RA 	11388249	11390417
GA24206-RA 	11390904	11393021
GA10572-RA 	11394582	11396087
GA15872-RA 	11397053	11400682
GA19673-RB 	11401058	11402358
GA19681-RA 	11402946	11403940
GA12222-RA 	11404518	11406574
GA12220-RA 	11406909	11408261
GA24989-RA 	11408360	11409497
GA12098-RA 	11410242	11411286
GA21031-RA 	11411880	11413728
GA21386-RA 	11414401	11414889
GA12202-RA 	11416115	11417984
GA12204-RA 	11421060	11422279
GA14274-RA 	11423694	11426123
GA17730-RA 	11427090	11428378
GA12200-RA 	11432562	11433008
GA24988-RD 	11434437	11441225
GA24987-RA 	11442869	11444779
GA30455-RB 	11446107	11446816
GA30456-RA 	11447950	11448659
GA24214-RC 	11450126	11557512
GA14253-RA 	11464239	11468198
GA14192-RC 	11482935	11494324
GA14897-RB 	11496143	11505351
GA14205-RA 	11501810	11502279
GA30457-RD 	11514372	11534331
GA14624-RA 	11536260	11538181
GA14681-RA 	11560379	11564706
GA24215-RC 	11571215	11643875
GA11913-RA 	11646140	11647202
GA15569-RA 	11647351	11648230
GA24982-RA 	11648462	11649328
GA15120-RA 	11650515	11651599
GA15770-RA 	11652477	11653849
GA24216-RA 	11653924	11655477
GA30458-RA 	11655732	11667920
GA15769-RA 	11655972	11656838
GA14854-RA 	11663428	11664996
GA14866-RA 	11665478	11666708
GA14837-RA 	11668023	11668456
GA11916-RB 	11668890	11669434
GA14829-RA 	11669510	11670771
GA11596-RB 	11672445	11672940
GA20562-RA 	11673571	11674329
GA12117-RA 	11674653	11674953
GA24980-RA 	11675025	11675795
GA24979-RA 	11677381	11678151
GA15051-RA 	11678475	11679245
GA14937-RA 	11679381	11680220
GA11597-RA 	11681876	11682661
GA11598-RA 	11683033	11683821
GA11599-RA 	11685169	11686011
GA24219-RA 	11686909	11687730
GA11574-RA 	11687991	11688800
GA12123-RA 	11689659	11696188
GA12120-RA 	11703789	11705320
GA24220-RF 	11707992	11715194
GA20559-RA 	11716273	11717873
GA11601-RA 	11718379	11720131
GA24978-RA 	11720294	11722254
GA12122-RA 	11723018	11723713
GA21351-RA 	11725239	11727538
GA11586-RA 	11728393	11739098
GA21140-RK 	11740857	11745229
GA24221-RA 	11758248	11758842
GA15608-RA 	11759504	11760181
GA21353-RA 	11761637	11764347
GA30459-RE 	11766544	11775439
GA11210-RA 	11776401	11778352
GA30460-RA 	11786568	11818467
GA24226-RC 	11831030	11832477
GA12507-RA 	11833723	11833974
GA20939-RA 	11835740	11837128
GA20941-RB 	11837382	11842063
GA20943-RA 	11843455	11844716
GA20946-RA 	11845056	11847372
GA10593-RE 	11848288	11871337
GA17315-RB 	11881496	11939472
GA15779-RB 	11908584	11909717
GA21297-RA 	11944555	11945514
GA21294-RC 	11975806	11982650
GA21293-RA 	12001677	12006221
GA21057-RA 	12007488	12009352
GA24227-RA 	12013246	12015305
GA15783-RB 	12016772	12021295
GA13217-RB 	12022514	12023140
GA21174-RA 	12026140	12026697
GA24975-RG 	12026996	12029327
GA24228-RD 	12029706	12032007
GA24974-RA 	12032155	12032712
GA24229-RA 	12033105	12035442
GA11592-RA 	12038813	12041083
GA21180-RB 	12041358	12042248
GA21292-RA 	12044587	12046028
GA21182-RA 	12047022	12048472
GA21175-RA 	12049396	12050214
GA32072-RA 	12053415	12056170
GA21288-RF 	12060496	12067869
GA15781-RC 	12062295	12062834
GA15365-RA 	12079126	12092734
GA21225-RA 	12110725	12112129
GA13221-RA 	12112418	12114489
GA24972-RA 	12116122	12118145
GA30462-RV 	12123740	12152785
GA24232-RA 	12159615	12160502
GA12503-RA 	12160929	12161588
GA20938-RD 	12162208	12163131
GA20937-RB 	12165758	12167635
GA15777-RA 	12168056	12171293
GA20932-RA 	12169936	12170850
GA20931-RA 	12171707	12174642
GA20924-RD 	12175218	12187408
GA11188-RA 	12176298	12178973
GA20928-RC 	12179804	12181705
GA20927-RC 	12182160	12184484
GA20920-RA 	12188532	12189494
GA20918-RC 	12189708	12191388
GA20915-RA 	12191945	12196736
GA24235-RB 	12197339	12198227
GA24970-RB 	12198456	12200127
GA30467-RL 	12203550	12221151
GA15618-RA 	12218032	12218362
GA18449-RA 	12219206	12219985
GA24967-RE 	12225323	12231035
GA12116-RA 	12231545	12232114
GA11576-RA 	12232370	12233115
GA15589-RA 	12233883	12235238
GA24236-RA 	12239413	12242557
GA21495-RA 	12252349	12252918
GA12118-RD 	12255671	12258319
GA21493-RA 	12259243	12260848
GA30465-RC 	12262476	12264161
GA24963-RB 	12267147	12268287
GA30463-RA 	12269438	12275619
GA30464-RA 	12271560	12272649
GA24960-RA 	12288358	12290252
GA20567-RA 	12293607	12295892
GA24959-RA 	12296002	12296758
GA12283-RA 	12298581	12300248
GA11834-RB 	12301388	12302754
GA25591-RB 	12303001	12303619
GA30469-RA 	12306064	12328087
GA15799-RB 	12348186	12371239
GA11444-RA 	12371954	12372646
GA32251-RA 	12373194	12373870
GA15074-RB 	12376686	12379157
GA14700-RA 	12379526	12380852
GA13980-RA 	12381610	12383272
GA21326-RB 	12385448	12387160
GA15804-RA 	12387617	12388618
GA24238-RA 	12390535	12392139
GA21286-RE 	12393283	12394507
GA21287-RA 	12394960	12398961
GA21285-RA 	12399178	12401182
GA24958-RA 	12402528	12402830
GA15801-RA 	12403247	12404849
GA13231-RA 	12405714	12416002
GA13232-RA 	12406110	12407044
GA10810-RA 	12410583	12411029
GA24239-RA 	12411253	12411702
GA24240-RA 	12412467	12412922
GA11625-RA 	12419311	12426311
GA30472-RG 	12443743	12449988
GA10198-RA 	12452464	12453484
GA10197-RA 	12457046	12459840
GA24956-RA 	12462616	12462780
GA24243-RA 	12463537	12466012
GA24244-RD 	12477631	12491499
GA14516-RA 	12492225	12493790
GA10190-RA 	12496160	12497737
GA10189-RA 	12498151	12499734
GA24955-RA 	12500675	12502258
GA24954-RA 	12503202	12504767
GA24953-RA 	12506067	12507632
GA10183-RA 	12508547	12510107
GA15364-RA 	12510723	12512204
GA21260-RA 	12512395	12513980
GA14202-RA 	12535411	12536199
GA10723-RA 	12600371	12605753
GA21398-RA 	12631440	12635603
GA30622-RA 	12666998	12667342
GA31514-RA 	12674202	12674805
GA21239-RA 	12774028	12775668
GA33029-RB 	12798965	12799586
GA12588-RC 	12875353	12877305
GA21191-RA 	12926724	12931061
GA12590-RA 	12942661	12943137
GA12589-RA 	12975243	12975748
GA11666-RB 	12986105	12987671
GA30473-RB 	12988538	12989794
GA21096-RA 	13013617	13014073
GA10849-RA 	13022938	13023486
GA24250-RA 	13025898	13026672
GA15670-RA 	13027838	13028316
GA11204-RA 	13028585	13029066
GA13516-RA 	13038995	13041033
GA13515-RB 	13073171	13073431
GA24943-RC 	13081637	13083702
GA22075-RE 	13086083	13090847
GA10710-RB 	13091676	13092705
GA13513-RB 	13095609	13097469
GA14016-RC 	13106584	13107494
GA24941-RA 	13110464	13112913
GA14906-RC 	13117790	13119616
GA30475-RR 	13129767	13186431
GA14100-RA 	13155653	13158519
GA31813-RA 	13164983	13165311
GA14015-RA 	13243468	13245378
GA13511-RA 	13245435	13247231
GA13510-RA 	13247542	13248816
GA10704-RA 	13253479	13254312
GA24253-RA 	13258287	13258797
GA13509-RA 	13259072	13261323
GA24254-RA 	13263637	13264427
GA21177-RC 	13270510	13306332
GA24938-RB 	13284468	13284941
GA24255-RA 	13286966	13287585
GA15612-RA 	13305368	13305775
GA24937-RA 	13308549	13309270
GA21183-RA 	13310611	13313428
GA21342-RA 	13313583	13314219
GA21188-RA 	13314774	13316160
GA21190-RA 	13316382	13319412
GA21341-RC 	13320278	13330672
GA21200-RA 	13340001	13359252
GA32119-RA 	13362438	13365773
GA14650-RF 	13366308	13369033
GA21338-RA 	13374295	13377524
GA10776-RC 	13379050	13380571
GA10787-RA 	13380794	13382241
GA24936-RE 	13382985	13391623
GA14054-RC 	13397989	13400743
GA14051-RA 	13405552	13406902
GA24935-RA 	13408488	13410378
GA14047-RA 	13410726	13413689
GA15267-RD 	13413764	13422348
GA11779-RA 	13423160	13424652
GA14043-RC 	13424815	13426782
GA14042-RB 	13426996	13428949
GA14041-RB 	13429173	13431112
GA24934-RA 	13431296	13433757
GA15265-RA 	13434340	13437559
GA10479-RA 	13437655	13440579
GA24933-RA 	13440897	13441943
GA14040-RA 	13442935	13445443
GA15264-RA 	13450269	13451687
GA15262-RA 	13452268	13454415
GA14038-RA 	13454597	13455825
GA15245-RB 	13471106	13476579
GA15886-RA 	13480159	13480963
GA15885-RA 	13481589	13482185
GA15235-RB 	13482881	13496834
GA12421-RB 	13499156	13502789
GA12393-RA 	13505690	13506633
GA15234-RC 	13507251	13511824
GA12374-RA 	13513567	13520995
GA15879-RI 	13534583	13554980
GA31206-RA 	13541048	13541365
GA14754-RA 	13555735	13558638
GA12266-RB 	13556173	13557474
GA15878-RA 	13558912	13560146
GA15882-RC 	13560681	13561934
GA21446-RA 	13563721	13565063
GA24932-RB 	13565202	13565803
GA21447-RA 	13566337	13568034
GA17319-RA 	13568653	13570112
GA30474-RC 	13572868	13576942
GA14039-RA 	13578308	13579157
GA14085-RA 	13579328	13580544
GA24930-RA 	13581102	13582429
GA11912-RA 	13582898	13583686
GA24928-RA 	13583739	13584752
GA15579-RA 	13585062	13586226
GA24927-RA 	13586730	13589603
GA20529-RA 	13590817	13592931
GA19833-RA 	13593241	13594617
GA15578-RA 	13595448	13595789
GA32893-RA 	13600132	13600688
GA15577-RB 	13608584	13627264
GA12223-RA 	13628680	13630110
GA19797-RB 	13630208	13631707
GA14994-RA 	13632064	13633500
GA24926-RC 	13634100	13639534
GA12225-RA 	13640003	13642663
GA20800-RA 	13642874	13643975
GA24924-RB 	13644849	13649164
GA31073-RA 	13646223	13646902
GA11246-RA 	13650744	13653365
GA14646-RA 	13653954	13654842
GA11943-RI 	13655731	13659652
GA20884-RC 	13667230	13672692
GA20882-RA 	13673012	13674565
GA20878-RA 	13675013	13675753
GA20879-RA 	13676006	13677253
GA15862-RA 	13677343	13678986
GA15865-RA 	13685762	13688232
GA20876-RB 	13694531	13706552
GA20875-RA 	13710667	13713065
GA24920-RA 	13717178	13718980
GA15864-RB 	13719236	13721038
GA11944-RB 	13723549	13734365
GA32469-RA 	13735768	13736154
GA20873-RA 	13738150	13747645
GA24919-RC 	13748324	13750359
GA30479-RH 	13754702	13829059
GA31947-RA 	13818641	13819409
GA20867-RA 	13856897	13860922
GA20864-RA 	13862233	13865284
GA20862-RB 	13865775	13868780
GA24915-RA 	13869223	13870954
GA20656-RA 	13871094	13872944
GA11814-RA 	13873589	13874959
GA24262-RA 	13875948	13876172
GA20590-RA 	13876296	13878575
GA24263-RA 	13879019	13880063
GA20669-RB 	13880744	13897025
GA24914-RC 	13899623	13902726
GA31211-RA 	13918079	13920501
GA24265-RA 	13920944	13922499
GA24912-RA 	13925260	13926815
GA24266-RA 	13933210	13933863
GA13005-RA 	13936521	13937300
GA24267-RA 	13939110	13940465
GA14414-RA 	13941763	13943210
GA11791-RA 	13943617	13944992
GA24268-RC 	13983728	13987174
GA13008-RC 	14025009	14032401
GA24910-RB 	14047977	14050408
GA24909-RA 	14051594	14053457
GA20621-RA 	14055691	14060432
GA11141-RA 	14061159	14065804
GA31909-RA 	14077547	14078085
GA30476-RA 	14078164	14078952
GA24271-RB 	14084995	14099112
GA24908-RC 	14102130	14103260
GA20643-RA 	14104543	14106792
GA20641-RA 	14107609	14109257
GA17307-RA 	14110765	14117597
GA13101-RA 	14119396	14120614
GA20640-RA 	14127016	14128845
GA18748-RA 	14136866	14137623
GA15661-RD 	14153976	14167590
GA14606-RA 	14173899	14175431
GA18723-RA 	14175452	14176795
GA18945-RA 	14177050	14180624
GA15664-RA 	14178577	14180385
GA18722-RA 	14180868	14181361
GA18720-RA 	14182993	14186078
GA15662-RC 	14188453	14196265
GA11517-RA 	14196943	14200510
GA18710-RI 	14201696	14203611
GA18708-RB 	14207217	14211407
GA18981-RA 	14214891	14215779
GA14548-RA 	14216158	14216823
GA14545-RA 	14217826	14218494
GA24907-RA 	14219220	14219888
GA14542-RA 	14220113	14220778
GA14541-RA 	14221571	14222239
GA14540-RA 	14222663	14223322
GA18702-RA 	14223516	14224184
GA14539-RA 	14225475	14226200
GA24906-RA 	14227660	14229119
GA30478-RA 	14233781	14233966
GA24905-RB 	14234928	14235342
GA24904-RA 	14236098	14236289
GA14796-RA 	14237769	14237961
GA13468-RA 	14238670	14239160
GA24273-RA 	14239327	14239705
GA30881-RA 	14241877	14242160
GA13037-RA 	14303219	14303566
GA14982-RA 	14307182	14307855
GA14980-RA 	14308550	14309286
GA24903-RA 	14309785	14310474
GA14977-RA 	14311168	14311858
GA13036-RA 	14312504	14313229
GA24275-RC 	14317822	14327115
GA24901-RA 	14329409	14329852
GA18984-RA 	14330198	14331445
GA10641-RA 	14371338	14373254
GA24900-RA 	14374953	14375651
GA32453-RA 	14398094	14399449
GA13034-RA 	14409113	14409691
GA24277-RA 	14415785	14420092
GA19084-RA 	14421406	14422876
GA18686-RA 	14423108	14424763
GA19086-RA 	14425642	14428811
GA10640-RA 	14429981	14430742
GA30480-RB 	14431559	14440355
GA32472-RA 	14434903	14435331
GA20856-RA 	14445860	14446606
GA20910-RB 	14448965	14457192
GA20905-RA 	14460762	14462658
GA24898-RC 	14467582	14482270
GA24897-RB 	14490290	14501428
GA20865-RB 	14505553	14509899
GA24278-RB 	14532577	14580769
GA14909-RA 	14550587	14550919
GA13849-RB 	14585930	14588825
GA14026-RA 	14589080	14589569
GA18948-RA 	14590869	14593951
GA24280-RA 	14599894	14600550
GA21312-RF 	14611056	14612734
GA21309-RK 	14622556	14626744
GA21308-RA 	14631147	14637218
GA12078-RA 	14638620	14640303
GA24896-RA 	14640557	14641703
GA24894-RA 	14641917	14642716
GA24893-RA 	14643411	14644496
GA11638-RA 	14652799	14653336
GA24282-RA 	14665907	14690255
GA21305-RD 	14691426	14692795
GA21304-RB 	14693132	14695707
GA11589-RA 	14696211	14696798
GA21302-RA 	14696890	14697124
GA30481-RD 	14698789	14699996
GA14894-RA 	14700505	14700849
GA11603-RA 	14701070	14702999
GA24891-RA 	14701299	14701562
GA14893-RB 	14703191	14705284
GA12126-RA 	14705296	14707872
GA12132-RA 	14708808	14709266
GA31995-RA 	14712688	14714526
GA21511-RA 	14714525	14717080
GA12133-RB 	14717724	14718290
GA21516-RA 	14718593	14719239
GA21517-RA 	14719814	14720237
GA21520-RA 	14722793	14723655
GA24283-RU 	14726514	14730013
GA12134-RA 	14730376	14731582
GA21522-RA 	14735092	14736066
GA21523-RA 	14736920	14737382
GA12135-RA 	14737885	14739873
GA12136-RA 	14740422	14741144
GA21525-RA 	14743829	14744378
GA12137-RA 	14744734	14746081
GA24890-RA 	14746345	14746659
GA24889-RA 	14748855	14749100
GA24888-RB 	14749444	14749731
GA24887-RA 	14750024	14750785
GA21526-RA 	14752584	14753039
GA12128-RA 	14754363	14754719
GA12129-RB 	14755675	14756496
GA30482-RA 	14757587	14758613
GA30483-RA 	14758695	14759033
GA24885-RA 	14759102	14759410
GA24884-RA 	14759597	14759914
GA24883-RA 	14760801	14761247
GA24286-RB 	14761422	14762033
GA24882-RB 	14762238	14763251
GA24881-RA 	14764478	14768520
GA13517-RE 	14771860	14780073
GA11911-RB 	14776311	14777351
GA15573-RB 	14778501	14779658
GA12961-RA 	14782479	14784369
GA15356-RA 	14791829	14792890
GA11432-RA 	14795057	14797285
GA12881-RF 	14801532	14806102
GA13989-RA 	14849722	14850170
GA11425-RB 	14850406	14853018
GA12807-RB 	14853447	14854154
GA11426-RA 	14855424	14856714
GA11428-RA 	14857560	14858899
GA15349-RA 	14866806	14867955
GA15834-RB 	14877493	14889854
GA21605-RA 	14891794	14894566
GA17747-RC 	14895552	14897181
GA11853-RA 	14897271	14897633
GA17757-RA 	14898121	14899135
GA14226-RA 	14899891	14900632
GA14224-RA 	14902115	14908694
GA30484-RB 	14909829	14914204
GA14215-RA 	14914419	14914756
GA17545-RA 	14915472	14916227
GA14214-RA 	14916318	14917978
GA17541-RA 	14918352	14920127
GA14213-RB 	14920257	14922058
GA15525-RA 	14923969	14929628
GA14795-RA 	14931388	14932071
GA15517-RA 	14932394	14933821
GA24878-RB 	14935539	14936478
GA11854-RB 	14936938	14937620
GA17557-RA 	14937998	14938525
GA31446-RA 	14950689	14950847
GA17570-RB 	14957690	14979024
GA17587-RA 	14996305	14997072
GA24290-RB 	15022005	15022561
GA14203-RA 	15023580	15026708
GA24876-RA 	15026874	15028070
GA19628-RA 	15028748	15030142
GA13019-RA 	15031635	15031877
GA24875-RA 	15032713	15036137
GA18528-RA 	15037181	15037912
GA15653-RA 	15038047	15038572
GA18543-RB 	15040216	15048706
GA30486-RA 	15041415	15043361
GA10653-RB 	15051446	15083071
GA14831-RA 	15075277	15080060
GA24872-RC 	15087188	15088094
GA24293-RA 	15088571	15089522
GA15654-RA 	15098152	15103962
GA18551-RA 	15114760	15117560
GA15656-RA 	15118172	15118500
GA19611-RA 	15119443	15120407
GA19600-RA 	15123118	15127046
GA24294-RA 	15133748	15134253
GA24295-RA 	15134518	15135008
GA18559-RA 	15135736	15138767
GA13020-RB 	15140034	15144371
GA14679-RA 	15145535	15147517
GA13539-RA 	15155887	15160848
GA14095-RA 	15161505	15163924
GA24133-RA 	15164344	15165232
GA24134-RA 	15165558	15166369
GA14087-RB 	15166634	15167874
GA21450-RA 	15170821	15171752
GA25074-RA 	15172503	15188358
GA32198-RA 	15172990	15174603
GA12100-RA 	15257810	15259364
GA24135-RB 	15260941	15268351
GA12104-RA 	15263277	15264299
GA20951-RA 	15269466	15270857
GA24137-RB 	15273459	15275819
GA25073-RA 	15276085	15276917
GA24138-RB 	15277883	15295284
GA30275-RB 	15295632	15296578
GA25072-RD 	15296685	15297269
GA25071-RB 	15297802	15298405
GA21455-RB 	15299260	15299853
GA25069-RB 	15300199	15300748
GA20945-RD 	15301725	15306521
GA30979-RA 	15307601	15308082
GA21457-RA 	15308897	15310538
GA25068-RA 	15310715	15311055
GA21459-RE 	15312056	15324231
GA12107-RA 	15324578	15325671
GA11639-RC 	15337373	15341306
GA11640-RA 	15354194	15355918
GA25067-RB 	15360993	15361494
GA12108-RA 	15369193	15369849
GA12109-RC 	15406159	15417051
GA12110-RA 	15425347	15427080
GA24139-RA 	15427405	15429126
GA12112-RA 	15432074	15435641
GA21463-RB 	15436175	15437298
GA20921-RB 	15437751	15445371
GA12111-RA 	15439902	15441768
GA19690-RA 	15448068	15449584
GA10655-RA 	15450239	15451210
GA30276-RD 	15477666	15490641
GA32638-RA 	15531310	15567619
GA24142-RA 	15585042	15585461
GA24144-RB 	15595235	15595666
GA24145-RA 	15605246	15605860
GA24146-RC 	15643122	15648479
GA30278-RA 	15653148	15653731
GA24147-RB 	15654956	15655456
GA24148-RA 	15655698	15656723
GA25057-RA 	15658672	15659161
GA24150-RA 	15663973	15664473
GA24151-RA 	15664715	15665740
GA25055-RA 	15667723	15668212
GA24152-RA 	15676353	15676550
GA25054-RB 	15679117	15680225
GA25053-RA 	15681006	15681374
GA10978-RA 	15681883	15682422
GA24155-RB 	15684054	15684329
GA14025-RA 	15685223	15686578
GA13843-RA 	15688577	15689068
GA25052-RA 	15691761	15692300
GA32588-RA 	15695190	15695848
GA13847-RC 	15698880	15704134
GA15855-RB 	15706207	15710124
GA30750-RB 	15708004	15708864
GA21422-RA 	15719902	15720869
GA20005-RB 	15721978	15722884
GA19125-RE 	15725124	15728687
GA32047-RA 	15729930	15730347
GA19126-RB 	15732748	15737277
GA13025-RA 	15737415	15738086
GA30441-RB 	15738942	15741736
GA30280-RB 	15743568	15744490
GA13023-RB 	15749642	15750574
GA24157-RA 	15755698	15756865
GA30279-RA 	15759449	15791414
GA18612-RB 	15801942	15804111
GA18610-RA 	15806490	15809098
GA19129-RB 	15809514	15809978
GA18609-RA 	15810303	15812469
GA32868-RA 	15814361	15815363
GA24158-RA 	15815922	15816677
GA19534-RA 	15816674	15822598
GA19540-RA 	15823949	15827328
GA15025-RA 	15827690	15829762
GA24159-RA 	15829926	15830387
GA24160-RA 	15831029	15833246
GA18591-RA 	15833523	15836759
GA18588-RC 	15837673	15840263
GA19555-RA 	15841283	15844099
GA25047-RA 	15844506	15847275
GA10650-RB 	15847730	15848836
GA24161-RA 	15851052	15853157
GA13021-RA 	15853337	15855097
GA18580-RA 	15855832	15859279
GA19564-RA 	15859526	15861147
GA24162-RA 	15861312	15862361
GA19568-RA 	15863522	15865209
GA25046-RA 	15865966	15866841
GA24163-RB 	15867538	15868583
GA18531-RA 	15869018	15870245
GA25045-RA 	15870569	15872153
GA21059-RC 	15876070	15878956
GA25044-RA 	15879020	15879321
GA14855-RF 	15888136	15894958
GA21053-RA 	15916637	15928431
GA21051-RA 	15931078	15938350
GA21049-RA 	15946350	15947689
GA21048-RA 	15948242	15951278
GA21047-RC 	15951904	15954384
GA21060-RA 	15960373	15961480
GA25042-RB 	15961701	15969114
GA21052-RA 	15977182	15986125
GA21042-RA 	15987056	15988787
GA25040-RB 	15989500	15996315
GA21024-RH 	16000841	16007966
GA21001-RA 	16009037	16009510
GA20994-RA 	16009760	16011834
GA11183-RC 	16014797	16018959
GA25039-RA 	16020107	16020691
GA15300-RA 	16022376	16043144
GA14913-RA 	16032604	16037250
GA11885-RB 	16047695	16050271
GA11192-RB 	16050746	16051359
GA11884-RB 	16051674	16055002
GA11181-RA 	16059486	16060619
GA14655-RA 	16060599	16061522
GA30442-RAI	16088059	16114691
GA30443-RD 	16139491	16181217
GA11258-RE 	16188080	16191417
GA14111-RB 	16192690	16195632
GA11261-RA 	16196365	16199041
GA24170-RA 	16199353	16199931
GA11265-RB 	16241424	16255202
GA20450-RA 	16259802	16260969
GA11547-RA 	16261290	16262714
GA11563-RA 	16265141	16266357
GA20189-RB 	16271207	16272882
GA20481-RA 	16274223	16275185
GA17318-RA 	16282087	16297910
GA25025-RA 	16335193	16339376
GA11921-RA 	16343295	16344049
GA20497-RA 	16344138	16344395
GA11922-RA 	16348342	16349271
GA11566-RB 	16349551	16349943
GA20191-RA 	16351555	16352358
GA11567-RA 	16353788	16356720
GA11556-RA 	16358283	16359183
GA11923-RA 	16359292	16359735
GA11568-RA 	16361088	16361768
GA11557-RA 	16361985	16365685
GA11569-RG 	16366420	16372163
GA25022-RA 	16375719	16377273
GA25021-RA 	16378662	16383518
GA30444-RA 	16381180	16381365
GA25020-RB 	16386057	16388065
GA30445-RC 	16389603	16399659
GA14786-RA 	16404136	16405963
GA11917-RA 	16406720	16408196
GA15109-RA 	16419649	16420767
GA25019-RB 	16424085	16424833
GA17615-RC 	16425196	16426958
GA18484-RA 	16427947	16439602
GA18492-RA 	16449385	16451239
GA30446-RB 	16457004	16485616
GA20887-RA 	16498469	16500120
GA15486-RA 	16502936	16503934
GA31120-RA 	16505593	16505869
GA14890-RB 	16506589	16507689
GA20987-RA 	16508115	16509226
GA15108-RA 	16510596	16511748
GA13886-RC 	16515922	16517834
GA10315-RA 	16520497	16521208
GA10319-RA 	16555507	16565821
GA10056-RA 	16568235	16580678
GA24175-RB 	16587291	16588394
GA24178-RA 	16603543	16605112
GA25012-RL 	16606165	16614469
GA10354-RA 	16620907	16623477
GA22070-RB 	16627409	16635655
GA13882-RC 	16637493	16641925
GA10355-RE 	16648834	16743115
GA12331-RE 	16748301	16749617
GA19686-RB 	16750558	16754336
GA19592-RA 	16758387	16759706
GA25010-RA 	16760378	16762573
GA15520-RA 	16763103	16764726
GA11023-RA 	16765309	16766933
GA11024-RA 	16767145	16768560
GA25009-RC 	16769134	16771317
GA12330-RA 	16780939	16782437
GA12329-RA 	16784128	16785351
GA10102-RA 	16800304	16801332
GA24180-RA 	16806348	16859799
GA21688-RA 	16808285	16808899
GA30448-RA 	16862000	16862829
GA15816-RA 	16868302	16869583
GA12328-RA 	16869795	16871025
GA12324-RB 	16873466	16874756
GA25007-RA 	16875869	16877941
GA30447-RB 	16880937	16886611
GA24181-RA 	16887306	16887701
GA25006-RA 	16898377	16899489
GA12320-RA 	16900432	16901095
GA30449-RA 	16907039	16918475
GA24184-RB 	16971533	16972567
GA12326-RC 	16988576	16990075
GA21676-RB 	16993264	16994319
GA18140-RA 	17014290	17015663
GA18144-RA 	17017047	17017892
GA18134-RA 	17018618	17019329
GA12325-RA 	17022476	17032876
GA25003-RA 	17035737	17036675
GA25002-RA 	17036806	17037870
GA24187-RA 	17038341	17039300
GA24188-RA 	17039399	17040274
GA18150-RA 	17048577	17049889
GA15058-RA 	17050404	17051498
GA25000-RA 	17052635	17052944
GA18160-RA 	17060133	17061796
GA24189-RB 	17077994	17079303
GA20735-RA 	17091444	17091794
GA24999-RB 	17102007	17103803
GA14738-RA 	17119557	17121840
GA15821-RB 	17123126	17125204
GA15817-RA 	17123864	17124688
GA30453-RD 	17126784	17127188
GA24190-RA 	17131613	17132472
GA14726-RA 	17143850	17144260
GA24191-RA 	17145876	17149904
GA15754-RA 	17150032	17150733
GA24997-RA 	17150743	17151012
GA24192-RF 	17152248	17161885
GA10166-RA 	17162623	17164309
GA21040-RA 	17166340	17168627
GA21030-RA 	17170805	17184607
GA20860-RA 	17210107	17218576
GA24193-RA 	17227098	17230337
GA15908-RC 	17231432	17235056
GA17199-RA 	17245765	17247511
GA17037-RA 	17248602	17250321
GA24194-RA 	17251299	17252369
GA19075-RC 	17252874	17255939
GA15746-RA 	17257214	17258064
GA24996-RA 	17258219	17260619
GA17416-RB 	17261067	17263396
GA17415-RA 	17264485	17267590
GA19138-RD 	17287831	17332641
GA19153-RA 	17342988	17345946
GA17435-RA 	17347166	17349226
GA31239-RB 	17349238	17360186
GA19154-RA 	17377162	17380582
GA24195-RA 	17382289	17384593
GA17444-RA 	17382403	17384120
GA24197-RB 	17385425	17385583
GA10840-RD 	17386811	17397817
GA10898-RB 	17399760	17400236
GA10665-RA 	17425517	17428079
GA10289-RA 	17430221	17432457
GA12334-RA 	17436987	17443567
GA17567-RA 	17445381	17452503
GA19317-RA 	17455596	17458669
GA24198-RA 	17460025	17460273
GA17537-RA 	17461321	17462942
GA10901-RA 	17463487	17464003
GA17559-RA 	17465068	17467211
GA19155-RA 	17470349	17471706
GA17574-RA 	17475174	17476358
GA19522-RB 	17476713	17481168
GA32012-RA 	17481313	17481746
GA10260-RA 	17481765	17482689
GA10679-RB 	17483209	17485287
GA10291-RF 	17516029	17525336
GA17624-RB 	17527224	17529912
GA32127-RA 	17529964	17530784
GA18405-RA 	17532601	17537255
GA21934-RA 	17538245	17539857
GA21935-RA 	17540140	17541846
GA15705-RA 	17542802	17544787
GA24827-RA 	17545279	17547671
GA18825-RA 	17548221	17551556
GA17740-RA 	17552808	17555901
GA17764-RA 	17564537	17565340
GA12361-RA 	17576572	17577159
GA30499-RB 	17585119	17620300
GA12360-RA 	17600180	17600541
GA14401-RA 	17602493	17603768
GA17527-RA 	17604280	17605619
GA24828-RA 	17617799	17618308
GA22057-RA 	17635059	17636253
GA22054-RB 	17652517	17657519
GA22052-RA 	17659983	17666635
GA15827-RA 	17662942	17663439
GA17495-RA 	17671845	17676825
GA17504-RA 	17678625	17684308
GA10239-RA 	17685059	17687235
GA15829-RA 	17687826	17688143
GA12356-RA 	17688612	17692757
GA17478-RA 	17693303	17698379
GA12357-RA 	17699811	17705150
GA22103-RB 	17700242	17702252
GA22105-RA 	17703242	17704567
GA21399-RA 	17707110	17707856
GA21596-RA 	17708519	17709143
GA24829-RA 	17709528	17710177
GA21602-RA 	17711869	17712719
GA10731-RA 	17713651	17716393
GA24830-RC 	17717527	17719731
GA22082-RA 	17724647	17726637
GA10842-RA 	17730089	17732580
GA10726-RA 	17732688	17735164
GA12585-RA 	17736043	17736880
GA10758-RA 	17737029	17738550
GA32415-RA 	17740054	17740292
GA22109-RA 	17746688	17748239
GA25104-RA 	17757687	17758523
GA17717-RA 	17799164	17801007
GA22071-RA 	17801276	17801941
GA17695-RA 	17802878	17803357
GA30269-RM 	17806357	17810756
GA17709-RA 	17812577	17818171
GA30268-RA 	17821891	17842081
GA20961-RA 	17875610	17880163
GA20963-RA 	17886907	17888517
GA20965-RA 	17888769	17889734
GA20964-RH 	17890627	17894119
GA14596-RB 	17900477	17902793
GA24101-RA 	17905990	17937091
GA13099-RA 	17954986	17955685
GA21007-RA 	17991283	17992879
GA25106-RA 	17998018	17998533
GA10845-RA 	17999200	17999845
GA21005-RA 	18000079	18000594
GA24099-RB 	18002069	18008812
GA25107-RA 	18018246	18019173
GA15842-RA 	18020724	18022043
GA14757-RA 	18024212	18025859
GA20988-RA 	18026795	18030317
GA25108-RA 	18050908	18051894
GA11404-RA 	18079485	18087582
GA13588-RA 	18196439	18197049
GA30272-RB 	18209378	18215386
GA24097-RA 	18218257	18218969
GA16335-RA 	18222672	18227516
GA16296-RA 	18229192	18231389
GA17110-RA 	18231833	18237332
GA16437-RB 	18239843	18242001
GA17309-RA 	18245144	18247783
GA18309-RA 	18248918	18250752
GA12378-RA 	18251152	18251611
GA12386-RB 	18254291	18256045
GA15693-RC 	18256364	18260282
GA18301-RA 	18261397	18262695
GA24096-RC 	18265630	18270594
GA24095-RC 	18270671	18271827
GA18280-RA 	18273392	18277804
GA12376-RA 	18280492	18280992
GA25111-RA 	18285453	18286340
GA25112-RA 	18287283	18288086
GA12375-RA 	18290898	18293206
GA12384-RB 	18293905	18294537
GA12373-RC 	18300453	18355721
GA14173-RB 	18314197	18314620
GA17479-RA 	18314750	18315478
GA17477-RA 	18315959	18317170
GA18261-RA 	18337898	18339707
GA24094-RA 	18340050	18340563
GA17474-RA 	18344700	18345935
GA13996-RA 	18361069	18361872
GA25114-RA 	18362571	18363673
GA30266-RD 	18367054	18376668
GA30267-RB 	18377276	18380699
GA25115-RA 	18384335	18388774
GA17437-RA 	18389872	18391032
GA18234-RG 	18393117	18400295
GA18130-RB 	18409345	18413664
GA12372-RA 	18415842	18416308
GA17433-RA 	18418365	18444463
GA32800-RA 	18425564	18435732
GA18129-RA 	18458980	18460347
GA17427-RA 	18481244	18487662
GA24089-RE 	18495938	18500101
GA24088-RA 	18503550	18518885
GA17413-RA 	18529158	18531880
GA12370-RA 	18536951	18538749
GA15831-RA 	18539989	18549436
GA12371-RA 	18543236	18545459
GA25119-RA 	18562564	18577236
GA10982-RA 	18585698	18590215
GA17402-RA 	18590626	18594452
GA17406-RA 	18595139	18596095
GA17407-RA 	18597153	18604422
GA24087-RA 	18608261	18610762
GA25121-RA 	18613559	18616064
GA21063-RA 	18619865	18620954
GA21066-RC 	18621732	18627987
GA25122-RA 	18628421	18630416
GA21068-RA 	18631271	18633262
GA25124-RC 	18633692	18636588
GA15645-RA 	18637513	18638268
GA21072-RA 	18640617	18651717
GA11784-RA 	18656017	18656529
GA15582-RA 	18659095	18662086
GA20553-RA 	18663148	18664674
GA24086-RA 	18666834	18668147
GA21529-RA 	18669601	18671010
GA24085-RB 	18672408	18712940
GA12141-RA 	18731487	18731765
GA11604-RA 	18736937	18738659
GA12142-RA 	18739482	18739986
GA12140-RB 	18742643	18745111
GA12143-RA 	18745995	18748846
GA15876-RA 	18759603	18761304
GA25126-RB 	18778460	18866305
GA20544-RA 	18902499	18903965
GA11927-RA 	18936878	18937443
GA11926-RB 	18941952	18943715
GA20986-RB 	18951315	18956617
GA20984-RA 	18957634	18958345
GA20979-RA 	18959134	18959980
GA20978-RA 	18960366	18961399
GA13898-RC 	18962432	18971826
GA31574-RA 	18971963	18974287
GA30944-RA 	18975123	18975851
GA30265-RK 	18978308	18999327
GA21023-RA 	18990629	18992120
GA20970-RA 	18999724	19003285
GA20967-RA 	19004871	19005653
GA20626-RA 	19007078	19011317
GA13100-RA 	19012872	19014576
GA24084-RA 	19014638	19015705
GA32675-RA 	19017359	19018086
GA20627-RA 	19018717	19020080
GA24082-RB 	19020160	19022351
GA13102-RA 	19029687	19034697
GA20637-RA 	19038255	19039907
GA24081-RC 	19052469	19054843
GA24080-RA 	19056479	19057125
GA18861-RA 	19059356	19060658
GA21401-RB 	19060935	19061890
GA31924-RA 	19067138	19067368
GA21168-RF 	19069409	19078799
GA18773-RB 	19077436	19077858
GA25132-RA 	19081573	19082036
GA25133-RB 	19082771	19083307
GA31769-RA 	19083990	19084449
GA21214-RA 	19084672	19085106
GA13850-RA 	19085643	19086106
GA21217-RA 	19086427	19086986
GA13851-RA 	19088766	19089493
GA24077-RC 	19104237	19105143
GA25135-RA 	19105604	19106533
GA25136-RA 	19135041	19167763
GA18739-RA 	19147873	19149487
GA24076-RA 	19171779	19172591
GA24075-RA 	19173061	19174263
GA24074-RA 	19175156	19175518
GA20823-RB 	19185973	19189099
GA20871-RA 	19189712	19191597
GA20907-RA 	19192103	19193814
GA14947-RA 	19195862	19202483
GA20930-RB 	19212763	19218778
GA18633-RA 	19224870	19228509
GA30770-RB 	19228974	19257535
GA18652-RA 	19249061	19250239
GA20971-RC 	19250934	19253638
GA25137-RA 	19255213	19259305
GA20335-RA 	19268434	19273664
GA25138-RB 	19275661	19277935
GA22064-RA 	19279213	19281405
GA18899-RA 	19282890	19285307
GA10882-RA 	19286110	19287381
GA10814-RC 	19289859	19291209
GA19840-RB 	19291477	19293951
GA15853-RA 	19294296	19296034
GA19824-RA 	19296634	19306333
GA25139-RA 	19304680	19305516
GA24071-RA 	19335326	19336318
GA10879-RB 	19337506	19337814
GA19791-RA 	19348463	19350710
GA10733-RB 	19351023	19353577
GA18794-RA 	19353791	19355055
GA15749-RA 	19364579	19365585
GA24068-RA 	19366000	19367031
GA25141-RE 	19367811	19373637
GA19724-RA 	19374846	19377295
GA10744-RB 	19382037	19389507
GA21981-RA 	19390290	19393041
GA25142-RA 	19393958	19395532
GA21980-RA 	19395908	19398405
GA22068-RA 	19398875	19400470
GA10564-RA 	19400840	19401439
GA13885-RB 	19421153	19435078
GA22059-RA 	19436601	19437521
GA13881-RA 	19438834	19442485
GA20935-RA 	19445252	19447801
GA30264-RA 	19447969	19450960
GA20933-RA 	19453912	19457254
GA20929-RA 	19461098	19462771
GA20926-RC 	19475385	19479391
GA15635-RK 	19501239	19542746
GA24066-RA 	19545467	19577664
GA25144-RB 	19585090	19586481
GA15631-RA 	19609304	19609823
GA24065-RA 	19609952	19611391
GA32919-RA 	19612615	19612770
GA15642-RA 	19614811	19615833
GA25145-RA 	19616436	19617644
GA20904-RA 	19618274	19619862
GA17313-RA 	19619984	19623586
GA25146-RA 	19623972	19624449
GA20901-RA 	19626389	19626763
GA20898-RA 	19627066	19628580
GA20896-RE 	19634337	19643723
GA20895-RA 	19734434	19735121
GA24063-RA 	19735397	19737698
GA13505-RC 	19738901	19742301
GA13499-RA 	19745464	19748483
GA13506-RA 	19753069	19755724
GA13500-RA 	19762118	19763792
GA31379-RA 	19780800	19781474
